player_name,team_name,hero_name,usage_count
Fielder,Team Falcons,Kiriko,44
HeeSang,Crazy Raccoon,Tracer,38
Recall,All Gamers,Kiriko,38
Vigilante,Crazy Raccoon,Kiriko,36
iRONY,RØDE ONSIDE GAMING,Kiriko,36
Kevster,Virtus.pro,Emre,34
ChiYo,Team Falcons,Lúcio,34
Argon,Cheeseburger,Tracer,33
Landon,Virtus.pro,Kiriko,31
KILO,RØDE ONSIDE GAMING,Emre,31
Lengsa,All Gamers,Lúcio,31
Mmonk,JD Gaming,Kiriko,31
OPENER,RØDE ONSIDE GAMING,Lúcio,30
Admiral,Spacestation Gaming,Lúcio,30
skewed,T1,Kiriko,29
Bliss,T1,Lúcio,29
Simple,Twisted Minds,Kiriko,29
ZIYAD,Geekay Esports,Zarya,29
FiXa,Virtus.pro,Lúcio,28
MAKA,Weibo Gaming,Kiriko,28
Quartz,Twisted Minds,Emre,28
FunnyAstro,Twisted Minds,Lúcio,28
D4IJIN,99DIVINE,Kiriko,28
Diya,Milk Tea,Kiriko,28
Ezhan,All Gamers,Emre,28
Kaneki,JD Gaming,Tracer,28
LBBD7,Geekay Esports,Emre,28
FiNN,Geekay Esports,Kiriko,28
Lethal,Spacestation Gaming,Emre,28
Proper,ZETA DIVISION,Tracer,27
KIVIS,ZAN Esports,Kiriko,27
Noy,SV,Kiriko,27
UltraViolet,Spacestation Gaming,Kiriko,27
FDGod,Team Peps,Lúcio,26
Checkmate,Team Falcons,Symmetra,26
SORI,99DIVINE,Emre,26
MewTwo,JD Gaming,Lúcio,26
Hawk,Spacestation Gaming,D.Va,26
Fielder,Team Falcons,Juno,25
HeeSang,Crazy Raccoon,Symmetra,25
TR33,Team Liquid,Emre,25
Soae,Please Not Hero Ban,Symmetra,25
NewJ,ENTER FORCE.36,Emre,25
NICO,VARREL,Emre,25
Supreme,99DIVINE,Lúcio,25
SP1NT,RØDE ONSIDE GAMING,Tracer,25
eisgnom,Virtus.pro,Zarya,25
Haku,Geekay Esports,Lúcio,25
Kronik,Dallas Fuel,Sojourn,24
LiGe,All Gamers,D.Va,24
Zeruhh,Team Liquid,Tracer,24
Ky0n,Please Not Hero Ban,Cassidy,24
ICHI,99DIVINE,Winston,24
JAYA,Naive Piggy,Vendetta,24
Pineapple,JD Gaming,Emre,24
Ade,Al Qadsiah,Emre,24
Sugarfree,Spacestation Gaming,Tracer,24
Seicoe,Virtus.pro,Tracer,23
LeeSooMin,Weibo Gaming,Lúcio,23
JaeWoo,Twisted Minds,Tracer,23
orca,Nyam Gaming,Kiriko,23
SP1NT,RØDE ONSIDE GAMING,Symmetra,23
Recall,All Gamers,Juno,23
Littlemoon,SV,Emre,23
A1WAYS,SV,Lúcio,23
sara,Naive Piggy,Juno,23
PKFishy,FURY,Tracer,23
Hanbin,Team Falcons,D.Va,22
CARU,Poker Face,Kiriko,22
TenTen,Poker Face,Lúcio,22
CH0R0NG,Crazy Raccoon,Lúcio,22
shu,ZETA DIVISION,Ana,22
YangJun,ZAN Esports,Lúcio,22
ATTACK,RØDE ONSIDE GAMING,D.Va,22
Sugarfree,Spacestation Gaming,Symmetra,22
PGE,Disguised,Emre,21
Xerion,Team Peps,Kiriko,21
Seonjun,Dallas Fuel,Tracer,21
Lengsa,All Gamers,Jetpack Cat,21
Edison,ENTER FORCE.36,Tracer,21
Alphari,All Gamers,Tracer,21
wh4le,Naive Piggy,Emre,21
Kellan,Dallas Fuel,Winston,21
Dip,Team Peps,Vendetta,20
KSG,VARREL,D.Va,20
Proud,T1,Emre,20
Seicoe,Virtus.pro,Vendetta,20
Vega,Team Liquid,Lúcio,20
Sakume,Please Not Hero Ban,Kiriko,20
APDO,Nyam Gaming,Vendetta,20
epic,TOKYO TAIYOs,Lúcio,20
Alphari,All Gamers,Symmetra,20
SirMajed,Al Qadsiah,Kiriko,20
zzz,LuneX Gaming,Kiriko,20
Escanor,Team Liquid,Kiriko,20
Ch0r0ng,Crazy Raccoon,Lúcio,19
Vigilante,Crazy Raccoon,Ana,19
Gaisen,ENTER FORCE.36,Kiriko,19
Mihawk,TOKYO TAIYOs,Kiriko,19
KILO,RØDE ONSIDE GAMING,Sojourn,19
BABAYAGA,SV,Vendetta,19
Leave,Weibo Gaming,Tracer,19
AlphaYi,Geekay Esports,Tracer,19
NenWhy,LuneX Gaming,Lúcio,19
Scyle,Disguised,Kiriko,18
Lep,Disguised,Lúcio,18
Zorrow,Team Peps,Emre,18
Checkmate,Team Falcons,Vendetta,18
Proud,T1,Sojourn,18
homerunball,Please Not Hero Ban,D.Va,18
Edison,ENTER FORCE.36,Vendetta,18
ans,TOKYO TAIYOs,Cassidy,18
Daisy,Nyam Gaming,Emre,18
WoochaN,Cheeseburger,Kiriko,18
M1NUT2,Poker Face,Emre,18
knife,ZETA DIVISION,Emre,18
ATTACK,RØDE ONSIDE GAMING,Zarya,18
ZEST,T1,Vendetta,18
wh4le,Naive Piggy,Sojourn,18
Lateyoung,Naive Piggy,D.Va,18
prot3ct,SV,D.Va,18
JAYA,Naive Piggy,Tracer,18
Leave,Weibo Gaming,Symmetra,18
TOPDRAGON,VARREL,Tracer,17
JaeWoo,Twisted Minds,Vendetta,17
TVNT,Twisted Minds,Zarya,17
Ky0n,Please Not Hero Ban,Emre,17
NEIVIS,Please Not Hero Ban,Lúcio,17
ta1yo,TOKYO TAIYOs,Symmetra,17
Faith,Cheeseburger,Lúcio,17
sara,Naive Piggy,Kiriko,17
Coldj,Naive Piggy,Lúcio,17
Kaneki,JD Gaming,Symmetra,17
prot3ct,SV,Zarya,17
Ezhan,All Gamers,Widowmaker,17
LiGe,All Gamers,Mauga,17
Vestola,Al Qadsiah,Zarya,17
Galaa,Al Qadsiah,Lúcio,17
AlphaYi,Geekay Esports,Vendetta,17
Khenail,Anyone's Legend,Kiriko,17
Cjay,Dallas Fuel,Kiriko,17
xomba,LuneX Gaming,Tracer,17
Ryan,Extinction,Tracer,17
Hawk,Spacestation Gaming,Zarya,17
Yoko,Quasar Esports,Tracer,17
Rokit,Disguised,Tracer,16
Tred,Disguised,D.Va,16
Dip,Team Peps,Tracer,16
ChiYo,Team Falcons,Jetpack Cat,16
TVNT,Twisted Minds,D.Va,16
Checkmate,Team Falcons,Tracer,16
Ydot,ENTER FORCE.36,Lúcio,16
Roxy,Nyam Gaming,Zarya,16
NHZ,Lazuli,Brigitte,16
umi,Lazuli,Juno,16
Becky,ZAN Esports,Vendetta,16
SP1NT,RØDE ONSIDE GAMING,Vendetta,16
STALK3R,Crazy Raccoon,Emre,16
Diya,Milk Tea,Juno,16
skyshow,DEG,Tracer,16
Belosrea,JD Gaming,D.Va,16
Lateyoung,Naive Piggy,Orisa,16
Coldj,Naive Piggy,Brigitte,16
Taejong,Al Qadsiah,Vendetta,16
UltraViolet,Spacestation Gaming,Juno,16
Zorrow,Team Peps,Sojourn,15
MER1T,Team Falcons,Emre,15
Zeruhh,Team Liquid,Vendetta,15
Vega,Team Liquid,Brigitte,15
Simple,Twisted Minds,Juno,15
Breadturtle,Telomere,Tracer,15
Gaisen,ENTER FORCE.36,Juno,15
mint,Nyam Gaming,Lúcio,15
HRY,99DIVINE,Tracer,15
DOX,Lazuli,Ramattra,15
Heesung,ENTER FORCE.36,D.Va,15
Proper,ZETA DIVISION,Symmetra,15
knife,ZETA DIVISION,Sojourn,15
shu,ZETA DIVISION,Kiriko,15
Viol2t,ZETA DIVISION,Illari,15
Becky,ZAN Esports,Tracer,15
HEISER,ZAN Esports,D.Va,15
D0D0,New Era,Tracer,15
ZEST,T1,Tracer,15
D4RT,Poker Face,Tracer,15
Viol2t,ZETA DIVISION,Jetpack Cat,15
Pineapple,JD Gaming,Sojourn,15
crispy,Anyone's Legend,Lúcio,15
sniper,Extinction,D.Va,15
Scorch,FURY,Winston,15
Rokit,Disguised,Vendetta,14
Willys,Team Peps,Zarya,14
TOPDRAGON,VARREL,Vendetta,14
Kellan,Dallas Fuel,Wrecking Ball,14
Ch0r0ng,Crazy Raccoon,Jetpack Cat,14
Leave,Weibo Gaming,Vendetta,14
Zeruhh,Team Liquid,Symmetra,14
Vigilante,Crazy Raccoon,Juno,14
kiibo,Telomere,Brigitte,14
APDO,Nyam Gaming,Tracer,14
Roxy,Nyam Gaming,D.Va,14
ta1yo,TOKYO TAIYOs,Tracer,14
SLEY,VARREL,Jetpack Cat,14
QLOUD,VARREL,Kiriko,14
SORI,99DIVINE,Tracer,14
Supreme,99DIVINE,Ana,14
Setsuna,Lazuli,Sojourn,14
A1IEN,ZAN Esports,Sojourn,14
perr,New Era,Emre,14
WoochaN,Cheeseburger,Ana,14
MAKA,Weibo Gaming,Juno,14
Lateyoung,Naive Piggy,Zarya,14
LeeSooMin,Weibo Gaming,Jetpack Cat,14
MAKA,Weibo Gaming,Ana,14
Cjay,Dallas Fuel,Ana,14
Escanor,Team Liquid,Juno,14
Grapes,Extinction,Lúcio,14
brysonbtw,Rankers,Reaper,14
Elva,MieMieYang,Tracer,14
MER1T,Team Falcons,Sojourn,13
Seonjun,Dallas Fuel,Symmetra,13
eisgnom,Virtus.pro,D.Va,13
JunBin,Crazy Raccoon,D.Va,13
TR33,Team Liquid,Sojourn,13
kiibo,Telomere,Lúcio,13
Edison,ENTER FORCE.36,Symmetra,13
TOPDRAGON,VARREL,Symmetra,13
QLOUD,VARREL,Ana,13
ICHI,99DIVINE,D.Va,13
KSG,VARREL,Hazard,13
Argon,Cheeseburger,Symmetra,13
skewed,T1,Juno,13
SeungAn,Cheeseburger,Winston,13
Remedy,Homie E,Kiriko,13
BABAYAGA,SV,Tracer,13
Recall,All Gamers,Ana,13
Eileen,Milk Tea,Mei,13
Xerion,Team Peps,Juno,13
AlphaYi,Geekay Esports,Symmetra,13
Kai,Anyone's Legend,Emre,13
Zeb,LuneX Gaming,Orisa,13
scuffed,Extinction,Kiriko,13
Yoshinori2k,Team Secret,Tracer,13
MSCG,MieMieYang,Kiriko,13
Pugz,FURY,Lúcio,13
TKL,Quasar Esports,Sojourn,13
Huntin,Quasar Esports,Kiriko,13
Rokit,Disguised,Symmetra,12
HeeSang,Crazy Raccoon,Vendetta,12
pav2l,Telomere,Sojourn,12
NewJ,ENTER FORCE.36,Sojourn,12
mint,Nyam Gaming,Wuyang,12
ta1yo,TOKYO TAIYOs,Mei,12
PEPPI,TOKYO TAIYOs,D.Va,12
PEPPI,TOKYO TAIYOs,Sigma,12
Yot1y,Lazuli,Vendetta,12
D4RT,Poker Face,Vendetta,12
MAX,Crazy Raccoon,D.Va,12
Viol2t,ZETA DIVISION,Lúcio,12
HEISER,ZAN Esports,Zarya,12
SP1NT,RØDE ONSIDE GAMING,Pharah,12
ZEST,T1,Symmetra,12
OPENER,RØDE ONSIDE GAMING,Brigitte,12
WoochaN,Cheeseburger,Lúcio,12
Hypnos,Milk Tea,Lúcio,12
Alphari,All Gamers,Vendetta,12
Belosrea,JD Gaming,Wrecking Ball,12
Mmonk,JD Gaming,Ana,12
Littlemoon,SV,Sojourn,12
TCC,Milk Tea,Lúcio,12
Lengsa,All Gamers,Brigitte,12
Belosrea,JD Gaming,Hazard,12
shy,Weibo Gaming,Emre,12
Lukemino,Dallas Fuel,Brigitte,12
xten,LuneX Gaming,Sojourn,12
Infekted,Team Liquid,Orisa,12
Despair,Rankers,D.Va,12
HRY,99DIVINE,Genji,12
D4IJIN,99DIVINE,Ana,12
Regr3t,FURY,Genji,12
Ezrai,FURY,Lúcio,12
Pugz,FURY,Ana,12
Tred,Disguised,Ramattra,11
MER1T,Team Falcons,Cassidy,11
Seonjun,Dallas Fuel,Genji,11
Lukemino,Dallas Fuel,Ana,11
HeeSang,Crazy Raccoon,Pharah,11
Quartz,Twisted Minds,Sojourn,11
TR33,Team Liquid,Widowmaker,11
homerunball,Please Not Hero Ban,Orisa,11
Elysia,Telomere,Kiriko,11
Ydot,ENTER FORCE.36,Wuyang,11
APDO,Nyam Gaming,Symmetra,11
SLEY,VARREL,Wuyang,11
Mihawk,TOKYO TAIYOs,Baptiste,11
Breadturtle,Telomere,Vendetta,11
pav2l,Telomere,Emre,11
Elysia,Telomere,Juno,11
Gur3um,Poker Face,Zarya,11
STALK3R,Crazy Raccoon,Sojourn,11
knife,ZETA DIVISION,Symmetra,11
HEISER,ZAN Esports,Doomfist,11
KIVIS,ZAN Esports,Juno,11
perr,New Era,Sojourn,11
Jasm1ne,T1,Zarya,11
Faith,Cheeseburger,Ana,11
A1IEN,ZAN Esports,Emre,11
Taimouren,Milk Tea,Sojourn,11
Taimouren,Milk Tea,Emre,11
feiyang,Milk Tea,Zarya,11
Lilko,Homie E,Vendetta,11
Remedy,Homie E,Juno,11
Kaneki,JD Gaming,Vendetta,11
Belosrea,JD Gaming,Winston,11
feiyang,Milk Tea,Ramattra,11
Limbo,DEG,Winston,11
Landon,Virtus.pro,Juno,11
FiXa,Virtus.pro,Brigitte,11
Taejong,Al Qadsiah,Tracer,11
Taejong,Al Qadsiah,Symmetra,11
Galaa,Al Qadsiah,Juno,11
WMaimone,Anyone's Legend,Tracer,11
Lukemino,Dallas Fuel,Illari,11
Lethal,Spacestation Gaming,Cassidy,11
Lethal,Spacestation Gaming,Sojourn,11
xten,LuneX Gaming,Emre,11
UYOU,Team Secret,Wrecking Ball,11
Despair,Rankers,Zarya,11
Sunset,MieMieYang,Sojourn,11
Ackyy,The Gatos Guapos,Kiriko,11
Regr3t,FURY,Emre,11
Beeple,Quasar Esports,Lúcio,11
PGE,Disguised,Sojourn,10
PGE,Disguised,Cassidy,10
Willys,Team Peps,D.Va,10
Cjay,Dallas Fuel,Lúcio,10
Lukemino,Dallas Fuel,Kiriko,10
FiXa,Virtus.pro,Jetpack Cat,10
LIP,Crazy Raccoon,Sojourn,10
Shy,Weibo Gaming,Sojourn,10
Leave,Weibo Gaming,Pharah,10
Hanbin,Team Falcons,Zarya,10
Infekted,Team Liquid,Wrecking Ball,10
ChiYo,Team Falcons,Brigitte,10
Breadturtle,Telomere,Symmetra,10
Heesung,ENTER FORCE.36,Zarya,10
Setsuna,Lazuli,Cassidy,10
SORI,99DIVINE,Cassidy,10
PEPPI,TOKYO TAIYOs,Ramattra,10
D4IJIN,99DIVINE,Juno,10
SLEY,VARREL,Illari,10
Ydot,ENTER FORCE.36,Brigitte,10
ICHI,99DIVINE,Hazard,10
Gur3um,Poker Face,Hazard,10
Becky,ZAN Esports,Symmetra,10
ATTACK,RØDE ONSIDE GAMING,Hazard,10
Eileen,Milk Tea,Vendetta,10
Taimouren,Milk Tea,Symmetra,10
Taimouren,Milk Tea,Cassidy,10
feiyang,Milk Tea,Sigma,10
Unkn0w,Homie E,Lúcio,10
LiGe,All Gamers,Zarya,10
Saya,DEG,Brigitte,10
JAYA,Naive Piggy,Symmetra,10
Littlemoon,SV,Symmetra,10
Ezhan,All Gamers,Tracer,10
Pineapple,JD Gaming,Bastion,10
guxue,Weibo Gaming,Mauga,10
Ezhan,All Gamers,Bastion,10
ZIYAD,Geekay Esports,D.Va,10
Taejong,Al Qadsiah,Pharah,10
Lukemino,Dallas Fuel,Lúcio,10
Cjay,Dallas Fuel,Juno,10
xomba,LuneX Gaming,Vendetta,10
pdk,Extinction,Sojourn,10
Admiral,Spacestation Gaming,Brigitte,10
Kronik,Dallas Fuel,Cassidy,10
xomba,LuneX Gaming,Symmetra,10
Hyvision,Team Secret,Emre,10
Yoshinori2k,Team Secret,Symmetra,10
Zephyr,Rankers,Tracer,10
FEI,Rankers,Illari,10
Kairen,MieMieYang,D.Va,10
Punk,The Gatos Guapos,D.Va,10
wntr,The Gatos Guapos,Lúcio,10
Scorch,FURY,D.Va,10
Yoko,Quasar Esports,Symmetra,10
Exrai,FURY,Kiriko,10
Zesin,Cheeseburger,Genji,10
Wangming,DEG,Genji,10
SINCE,DEG,Lúcio,10
Saya,DEG,Ana,10
PGE,Disguised,Widowmaker,9
Scyle,Disguised,Juno,9
Hanbin,Team Falcons,Domina,9
ChiYo,Team Falcons,Juno,9
Kronik,Dallas Fuel,Emre,9
Seonjun,Dallas Fuel,Vendetta,9
skewed,T1,Ana,9
JunBin,Crazy Raccoon,Zarya,9
FunnyAstro,Twisted Minds,Juno,9
Ky0n,Please Not Hero Ban,Tracer,9
Soae,Please Not Hero Ban,Vendetta,9
pav2l,Telomere,Cassidy,9
Heesung,ENTER FORCE.36,Hazard,9
Supreme,99DIVINE,Wuyang,9
ans,TOKYO TAIYOs,Bastion,9
DOX,Lazuli,Orisa,9
Supreme,99DIVINE,Brigitte,9
Heesung,ENTER FORCE.36,Orisa,9
STALK3R,Crazy Raccoon,Vendetta,9
BERNAR,ZETA DIVISION,D.Va,9
D0D0,New Era,Vendetta,9
SoLA,New Era,D.Va,9
MCD,New Era,Ana,9
Secret,New Era,Kiriko,9
shu,ZETA DIVISION,Juno,9
Faith,Cheeseburger,Brigitte,9
HEISER,ZAN Esports,Hazard,9
MAX,Crazy Raccoon,Winston,9
iRONY,RØDE ONSIDE GAMING,Ana,9
Secret,New Era,Brigitte,9
STALK3R,Crazy Raccoon,Genji,9
Faith,Cheeseburger,Jetpack Cat,9
fari,Homie E,Sojourn,9
9TRIBEZ,Homie E,Zarya,9
Ezhan,All Gamers,Cassidy,9
MewTwo,JD Gaming,Brigitte,9
MewTwo,JD Gaming,Jetpack Cat,9
A1WAYS,SV,Wuyang,9
guxue,Weibo Gaming,Zarya,9
shy,Weibo Gaming,Sojourn,9
Seicoe,Virtus.pro,Symmetra,9
WMaimone,Anyone's Legend,Vendetta,9
Lethal,Spacestation Gaming,Widowmaker,9
zzz,LuneX Gaming,Juno,9
Ryan,Extinction,Symmetra,9
scuffed,Extinction,Juno,9
Sugarfree,Spacestation Gaming,Vendetta,9
Tom4to,Rankers,Kiriko,9
Sunset,MieMieYang,Emre,9
sgy,The Gatos Guapos,Tracer,9
Tred,Disguised,Zarya,8
Kronik,Dallas Fuel,Widowmaker,8
Lukemino,Dallas Fuel,Jetpack Cat,8
Proud,T1,Symmetra,8
Bliss,T1,Wuyang,8
Zorrow,Team Peps,Tracer,8
Shy,Weibo Gaming,Emre,8
Infekted,Team Liquid,D.Va,8
NEIVIS,Please Not Hero Ban,Kiriko,8
ans,TOKYO TAIYOs,Widowmaker,8
Yot1y,Lazuli,Tracer,8
Yot1y,Lazuli,Symmetra,8
HRY,99DIVINE,Vendetta,8
Daisy,Nyam Gaming,Sojourn,8
Gaisen,ENTER FORCE.36,Ana,8
Vosa1q,Telomere,D.Va,8
Vosa1q,Telomere,Ramattra,8
mint,Nyam Gaming,Brigitte,8
harutoon,99DIVINE,Tracer,8
SeungAn,Cheeseburger,D.Va,8
M1NUT2,Poker Face,Symmetra,8
M1NUT2,Poker Face,Sojourn,8
CARU,Poker Face,Juno,8
D0D0,New Era,Genji,8
Jasm1ne,T1,D.Va,8
ZeSin,Cheeseburger,Sojourn,8
STALK3R,Crazy Raccoon,Tracer,8
M1NUT2,Poker Face,Widowmaker,8
knife,ZETA DIVISION,Cassidy,8
D4RT,Poker Face,Symmetra,8
Mealgaru,ZETA DIVISION,Wrecking Ball,8
Eileen,Milk Tea,Symmetra,8
feiyang,Milk Tea,D.Va,8
Lilko,Homie E,Tracer,8
Ezhan,All Gamers,Sojourn,8
Wangming,DEG,Vendetta,8
wh4le,Naive Piggy,Symmetra,8
Belosrea,JD Gaming,Doomfist,8
MewTwo,JD Gaming,Wuyang,8
wh4le,Naive Piggy,Cassidy,8
LeeSooMin,Weibo Gaming,Brigitte,8
guxue,Weibo Gaming,Hazard,8
Insane,All Gamers,Tracer,8
Belosrea,JD Gaming,Ramattra,8
Ade,Al Qadsiah,Tracer,8
Vestola,Al Qadsiah,D.Va,8
Willys,Team Peps,Hazard,8
ZIYAD,Geekay Esports,Wrecking Ball,8
Haku,Geekay Esports,Juno,8
FDGod,Team Peps,Brigitte,8
FiNN,Geekay Esports,Juno,8
Lukemino,Dallas Fuel,Wuyang,8
NenWhy,LuneX Gaming,Brigitte,8
pdk,Extinction,Emre,8
Infekted,Team Liquid,Mauga,8
Tom4to,Rankers,Ana,8
FEI,Rankers,Kiriko,8
Elva,MieMieYang,Symmetra,8
Hyunjae,MieMieYang,Lúcio,8
Regr3t,FURY,Sojourn,8
Scorch,FURY,Zarya,8
TKL,Quasar Esports,Cassidy,8
TKL,Quasar Esports,Emre,8
Huntin,Quasar Esports,Ana,8
Kronik,Dallas Fuel,Tracer,8
FDGod,Team Peps,Jetpack Cat,7
Xerion,Team Peps,Ana,7
KSG,VARREL,Zarya,7
eisgnom,Virtus.pro,Domina,7
LeeSooMin,Weibo Gaming,Kiriko,7
Zeruhh,Team Liquid,Genji,7
Infekted,Team Liquid,Domina,7
Vega,Team Liquid,Kiriko,7
JaeWoo,Twisted Minds,Pharah,7
kiibo,Telomere,Kiriko,7
Edison,ENTER FORCE.36,Echo,7
HRY,99DIVINE,Symmetra,7
Supreme,99DIVINE,Jetpack Cat,7
TOPDRAGON,VARREL,Echo,7
ICHI,99DIVINE,Zarya,7
KSG,VARREL,Orisa,7
Argon,Cheeseburger,Vendetta,7
Proper,ZETA DIVISION,Vendetta,7
knife,ZETA DIVISION,Mei,7
Viol2t,ZETA DIVISION,Brigitte,7
A1IEN,ZAN Esports,Bastion,7
SP1NT,RØDE ONSIDE GAMING,Genji,7
D0D0,New Era,Symmetra,7
ZeSin,Cheeseburger,Emre,7
WoochaN,Cheeseburger,Juno,7
Mer1t,Team Falcons,Sojourn,7
Proper,ZETA DIVISION,Pharah,7
Mer1t,Team Falcons,Emre,7
FARMER,Cheeseburger,Zarya,7
Proper,ZETA DIVISION,Echo,7
OPENER,RØDE ONSIDE GAMING,Wuyang,7
JunBin,Crazy Raccoon,Mauga,7
knife,ZETA DIVISION,Bastion,7
STALK3R,Crazy Raccoon,Bastion,7
Recall,All Gamers,Baptiste,7
Wangming,DEG,Symmetra,7
Limbo,DEG,Doomfist,7
SINCE,DEG,Kiriko,7
Coldj,Naive Piggy,Illari,7
Coldj,Naive Piggy,Kiriko,7
Noy,SV,Juno,7
LiGe,All Gamers,Winston,7
Alphari,All Gamers,Genji,7
shy,Weibo Gaming,Bastion,7
Seicoe,Virtus.pro,Pharah,7
Kevster,Virtus.pro,Widowmaker,7
Ade,Al Qadsiah,Sojourn,7
Vestola,Al Qadsiah,Mauga,7
SirMajed,Al Qadsiah,Juno,7
SirMajed,Al Qadsiah,Brigitte,7
SirMajed,Al Qadsiah,Lúcio,7
AlphaYi,Geekay Esports,Pharah,7
Kai,Anyone's Legend,Sojourn,7
Willys,Team Peps,Mauga,7
Galaa,Al Qadsiah,Ana,7
Taejong,Al Qadsiah,Genji,7
amdp,Anyone's Legend,Mauga,7
Seonjun,Dallas Fuel,Pharah,7
Kellan,Dallas Fuel,D.Va,7
Kellan,Dallas Fuel,Ramattra,7
TR33,Team Liquid,Cassidy,7
Zeb,LuneX Gaming,Zarya,7
Colourhex,The Gatos Guapos,Emre,7
PKFishy,FURY,Vendetta,7
Lumi,Quasar Esports,D.Va,7
PaLee,Team Secret,Juno,7
Lep,Disguised,Jetpack Cat,6
Lep,Disguised,Juno,6
Willys,Team Peps,Domina,6
DONGHAK,T1,Domina,6
DONGHAK,T1,D.Va,6
Bliss,T1,Jetpack Cat,6
Kevster,Virtus.pro,Sojourn,6
JunBin,Crazy Raccoon,Domina,6
Willys,Team Peps,Wrecking Ball,6
LeeSooMin,Weibo Gaming,Illari,6
Rupal,Team Liquid,Kiriko,6
Ch0r0ng,Crazy Raccoon,Brigitte,6
NewJ,ENTER FORCE.36,Widowmaker,6
Heesung,ENTER FORCE.36,Wrecking Ball,6
Roxy,Nyam Gaming,Hazard,6
orca,Nyam Gaming,Juno,6
epic,TOKYO TAIYOs,Kiriko,6
Setsuna,Lazuli,Emre,6
Setsuna,Lazuli,Symmetra,6
Setsuna,Lazuli,Widowmaker,6
HRY,99DIVINE,Echo,6
NEIVIS,Please Not Hero Ban,Baptiste,6
Daisy,Nyam Gaming,Widowmaker,6
Sakume,Please Not Hero Ban,Illari,6
SORI,99DIVINE,Sojourn,6
ICHI,99DIVINE,Wrecking Ball,6
Edison,ENTER FORCE.36,Genji,6
Heesung,ENTER FORCE.36,Winston,6
Vosa1q,Telomere,Winston,6
Elysia,Telomere,Ana,6
Sakume,Please Not Hero Ban,Juno,6
orca,Nyam Gaming,Ana,6
D4RT,Poker Face,Widowmaker,6
Gur3um,Poker Face,D.Va,6
STALK3R,Crazy Raccoon,Symmetra,6
BERNAR,ZETA DIVISION,Orisa,6
shu,ZETA DIVISION,Baptiste,6
CARU,Poker Face,Ana,6
TenTen,Poker Face,Jetpack Cat,6
perr,New Era,Cassidy,6
perr,New Era,Widowmaker,6
FARMER,Cheeseburger,Hazard,6
Argon,Cheeseburger,Pharah,6
MCD,New Era,Kiriko,6
Checkmate,Team Falcons,Pharah,6
SOMEONE,Team Falcons,Zarya,6
JunBin,Crazy Raccoon,Wrecking Ball,6
Becky,ZAN Esports,Pharah,6
Mealgaru,ZETA DIVISION,Winston,6
Mealgaru,ZETA DIVISION,Zarya,6
Mealgaru,ZETA DIVISION,D.Va,6
KILO,RØDE ONSIDE GAMING,Bastion,6
DONGHAK,T1,Wrecking Ball,6
JunBin,Crazy Raccoon,Ramattra,6
CH0R0NG,Crazy Raccoon,Jetpack Cat,6
ZeSin,Cheeseburger,Bastion,6
SUNZO,Weibo Gaming,Zarya,6
JAYA,Naive Piggy,Pharah,6
Pineapple,JD Gaming,Widowmaker,6
BABAYAGA,SV,Symmetra,6
Littlemoon,SV,Widowmaker,6
Noy,SV,Illari,6
Ezhan,All Gamers,Soldier: 76,6
Taimouren,Milk Tea,Tracer,6
Hypnos,Milk Tea,Juno,6
guxue,Weibo Gaming,Winston,6
prot3ct,SV,Orisa,6
Insane,All Gamers,Symmetra,6
SirMajed,Al Qadsiah,Illari,6
LBBD7,Geekay Esports,Sojourn,6
FiNN,Geekay Esports,Jetpack Cat,6
FiNN,Geekay Esports,Brigitte,6
Tama,Anyone's Legend,Zarya,6
Khenail,Anyone's Legend,Juno,6
Seonjun,Dallas Fuel,Echo,6
UltraViolet,Spacestation Gaming,Wuyang,6
Lep,Disguised,Brigitte,6
Zeruhh,Team Liquid,Pharah,6
Hawk,Spacestation Gaming,Orisa,6
PaLee,Team Secret,Brigitte,6
brysonbtw,Rankers,Symmetra,6
Zephyr,Rankers,Sojourn,6
sgy,The Gatos Guapos,Symmetra,6
Beeple,Quasar Esports,Kiriko,6
Sunset,MieMieYang,Widowmaker,6
brysonbtw,Rankers,Echo,6
Hyunjae,MieMieYang,Illari,6
Dip,Team Peps,Genji,6
Willys,Team Peps,Winston,6
Recall,All Gamers,Lúcio,6
Lengsa,All Gamers,Ana,6
Vestola,Al Qadsiah,Winston,6
MER1T,Team Falcons,Widowmaker,5
Kellan,Dallas Fuel,Sigma,5
MAKA,Weibo Gaming,Jetpack Cat,5
MAKA,Weibo Gaming,Baptiste,5
TVNT,Twisted Minds,Domina,5
Vega,Team Liquid,Wuyang,5
TR33,Team Liquid,Tracer,5
JaeWoo,Twisted Minds,Widowmaker,5
Sakume,Please Not Hero Ban,Mizuki,5
Elysia,Telomere,Baptiste,5
ans,TOKYO TAIYOs,Emre,5
epic,TOKYO TAIYOs,Wuyang,5
NICO,VARREL,Symmetra,5
DOX,Lazuli,Doomfist,5
NHZ,Lazuli,Lúcio,5
homerunball,Please Not Hero Ban,Zarya,5
Sakume,Please Not Hero Ban,Ana,5
Daisy,Nyam Gaming,Symmetra,5
umi,Lazuli,Kiriko,5
NICO,VARREL,Cassidy,5
HEISER,ZAN Esports,Wrecking Ball,5
YangJun,ZAN Esports,Brigitte,5
ZeSin,Cheeseburger,Widowmaker,5
MAX,Crazy Raccoon,Zarya,5
TenTen,Poker Face,Wuyang,5
BERNAR,ZETA DIVISION,Zarya,5
ZeSin,Cheeseburger,Cassidy,5
Probe,ZAN Esports,Emre,5
KILO,RØDE ONSIDE GAMING,Widowmaker,5
Fielder,Team Falcons,Ana,5
Viol2t,ZETA DIVISION,Juno,5
SOMEONE,Team Falcons,D.Va,5
Yate,New Era,Lúcio,5
Proper,ZETA DIVISION,Genji,5
KIVIS,ZAN Esports,Ana,5
Hanbin,Team Falcons,Ramattra,5
Mer1t,Team Falcons,Bastion,5
feiyang,Milk Tea,Orisa,5
fari,Homie E,Emre,5
9TRIBEZ,Homie E,Hazard,5
Mmonk,JD Gaming,Juno,5
feiyang,Milk Tea,Doomfist,5
JAYA,Naive Piggy,Reaper,5
Belosrea,JD Gaming,Orisa,5
LiGe,All Gamers,Reinhardt,5
Kaneki,JD Gaming,Pharah,5
sara,Naive Piggy,Baptiste,5
prot3ct,SV,Junker Queen,5
Kevster,Virtus.pro,Tracer,5
eisgnom,Virtus.pro,Doomfist,5
Ade,Al Qadsiah,Widowmaker,5
Galaa,Al Qadsiah,Zenyatta,5
Kai,Anyone's Legend,Widowmaker,5
WMaimone,Anyone's Legend,Echo,5
Tama,Anyone's Legend,Winston,5
Ade,Al Qadsiah,Vendetta,5
Hawk,Spacestation Gaming,Ramattra,5
scuffed,Extinction,Ana,5
xten,LuneX Gaming,Reaper,5
Admiral,Spacestation Gaming,Jetpack Cat,5
PaLee,Team Secret,Kiriko,5
Yui,Team Secret,Mizuki,5
Yui,Team Secret,Baptiste,5
Zephyr,Rankers,Emre,5
Elva,MieMieYang,Pharah,5
Elva,MieMieYang,Echo,5
Hyunjae,MieMieYang,Ana,5
sgy,The Gatos Guapos,Vendetta,5
sgy,The Gatos Guapos,Anran,5
Ackyy,The Gatos Guapos,Ana,5
PKFishy,FURY,Symmetra,5
Beeple,Quasar Esports,Mizuki,5
wntr,The Gatos Guapos,Illari,5
Yui,Team Secret,Illari,5
Kairen,MieMieYang,Orisa,5
Zephyr,Rankers,Cassidy,5
Pugz,FURY,Wuyang,5
Nyang,The Gatos Guapos,Emre,5
Tred,Disguised,Domina,4
Tred,Disguised,Wrecking Ball,4
Scyle,Disguised,Baptiste,4
Xerion,Team Peps,Baptiste,4
Xerion,Team Peps,Zenyatta,4
KSG,VARREL,Ramattra,4
DONGHAK,T1,Sigma,4
skewed,T1,Baptiste,4
Kevster,Virtus.pro,Cassidy,4
Ch0r0ng,Crazy Raccoon,Wuyang,4
Vigilante,Crazy Raccoon,Mizuki,4
Checkmate,Team Falcons,Genji,4
FunnyAstro,Twisted Minds,Jetpack Cat,4
Simple,Twisted Minds,Brigitte,4
Vega,Team Liquid,Jetpack Cat,4
Vigilante,Crazy Raccoon,Baptiste,4
Ky0n,Please Not Hero Ban,Sojourn,4
Breadturtle,Telomere,Mei,4
NewJ,ENTER FORCE.36,Symmetra,4
Edison,ENTER FORCE.36,Pharah,4
ans,TOKYO TAIYOs,Sojourn,4
PEPPI,TOKYO TAIYOs,Roadhog,4
Setsuna,Lazuli,Tracer,4
D4IJIN,99DIVINE,Mizuki,4
PEPPI,TOKYO TAIYOs,Mauga,4
mint,Nyam Gaming,Juno,4
Yot1y,Lazuli,Emre,4
epic,TOKYO TAIYOs,Brigitte,4
epic,TOKYO TAIYOs,Lifeweaver,4
ICHI,99DIVINE,Orisa,4
Supreme,99DIVINE,Juno,4
Heesung,ENTER FORCE.36,Sigma,4
Ydot,ENTER FORCE.36,Kiriko,4
Vosa1q,Telomere,Zarya,4
Edison,ENTER FORCE.36,Widowmaker,4
NEIVIS,Please Not Hero Ban,Brigitte,4
ICHI,99DIVINE,Mauga,4
Heesung,ENTER FORCE.36,Mauga,4
harutoon,99DIVINE,Symmetra,4
homerunball,Please Not Hero Ban,Mauga,4
Zesin,Cheeseburger,Sojourn,4
Zesin,Cheeseburger,Emre,4
SeungAn,Cheeseburger,Doomfist,4
STALK3R,Crazy Raccoon,Cassidy,4
Proper,ZETA DIVISION,Cassidy,4
KILO,RØDE ONSIDE GAMING,Symmetra,4
MCD,New Era,Brigitte,4
Secret,New Era,Juno,4
ZEST,T1,Echo,4
Mer1t,Team Falcons,Cassidy,4
Mer1t,Team Falcons,Symmetra,4
Yangjun,ZAN Esports,Lúcio,4
D4RT,Poker Face,Echo,4
Gur3um,Poker Face,Wrecking Ball,4
ATTACK,RØDE ONSIDE GAMING,Doomfist,4
knife,ZETA DIVISION,Tracer,4
Fielder,Team Falcons,Baptiste,4
SP1NT,RØDE ONSIDE GAMING,Mei,4
D4RT,Poker Face,Pharah,4
Faith,Cheeseburger,Wuyang,4
ATTACK,RØDE ONSIDE GAMING,Winston,4
OPENER,RØDE ONSIDE GAMING,Juno,4
Secret,New Era,Lúcio,4
knife,ZETA DIVISION,Sombra,4
Argon,Cheeseburger,Echo,4
FARMER,Cheeseburger,Winston,4
JunBin,Crazy Raccoon,Hazard,4
MCD,New Era,Zarya,4
knife,ZETA DIVISION,Widowmaker,4
ATTACK,RØDE ONSIDE GAMING,Mauga,4
iRONY,RØDE ONSIDE GAMING,Juno,4
Mealgaru,ZETA DIVISION,Mauga,4
Mealgaru,ZETA DIVISION,Doomfist,4
Yate,New Era,Wrecking Ball,4
YangJun,ZAN Esports,Jetpack Cat,4
OPENER,RØDE ONSIDE GAMING,Jetpack Cat,4
M1NUT2,Poker Face,Bastion,4
feiyang,Milk Tea,Hazard,4
feiyang,Milk Tea,Wrecking Ball,4
Unkn0w,Homie E,Wuyang,4
skyshow,DEG,Cassidy,4
SUNZO,Weibo Gaming,D.Va,4
A1WAYS,SV,Baptiste,4
Ezhan,All Gamers,Symmetra,4
Eileen,Milk Tea,Sojourn,4
Hypnos,Milk Tea,Kiriko,4
Diya,Milk Tea,Ana,4
Pineapple,JD Gaming,Cassidy,4
MAKA,Weibo Gaming,Lúcio,4
Insane,All Gamers,Pharah,4
BABAYAGA,SV,Pharah,4
Alphari,All Gamers,Reaper,4
Taejong,Al Qadsiah,Widowmaker,4
Vestola,Al Qadsiah,Orisa,4
FiNN,Geekay Esports,Ana,4
eisgnom,Virtus.pro,Hazard,4
eisgnom,Virtus.pro,Mauga,4
WMaimone,Anyone's Legend,Pharah,4
amdp,Anyone's Legend,D.Va,4
amdp,Anyone's Legend,Wrecking Ball,4
crispy,Anyone's Legend,Juno,4
Rokit,Disguised,Venture,4
Sugarfree,Spacestation Gaming,Pharah,4
Hawk,Spacestation Gaming,Hazard,4
Zeb,LuneX Gaming,Domina,4
NenWhy,LuneX Gaming,Jetpack Cat,4
Infekted,Team Liquid,Winston,4
Escanor,Team Liquid,Jetpack Cat,4
Grapes,Extinction,Wuyang,4
Sugarfree,Spacestation Gaming,Echo,4
UltraViolet,Spacestation Gaming,Baptiste,4
Coluge,Team Liquid,D.Va,4
Coluge,Team Liquid,Zarya,4
Vega,Team Liquid,Illari,4
Lukemino,Dallas Fuel,Juno,4
xten,LuneX Gaming,Freja,4
Hawk,Spacestation Gaming,Mauga,4
UltraViolet,Spacestation Gaming,Ana,4
Lukemino,Dallas Fuel,Mercy,4
Hawk,Spacestation Gaming,Doomfist,4
Hyvision,Team Secret,Sojourn,4
Yui,Team Secret,Ana,4
FEI,Rankers,Brigitte,4
Ackyy,The Gatos Guapos,Juno,4
wntr,The Gatos Guapos,Jetpack Cat,4
Scorch,FURY,Wrecking Ball,4
Akraken,FURY,Kiriko,4
Yoshinori2k,Team Secret,Vendetta,4
Yui,Team Secret,Lúcio,4
Elva,MieMieYang,Hanzo,4
jamorant,Quasar Esports,D.Va,4
Zephyr,Rankers,Symmetra,4
Despair,Rankers,Mauga,4
Hyunjae,MieMieYang,Jetpack Cat,4
pdk,Extinction,Genji,4
sniper,Extinction,Winston,4
Zorrow,Team Peps,Freja,3
Zorrow,Team Peps,Hanzo,3
MER1T,Team Falcons,Hanzo,3
Checkmate,Team Falcons,Anran,3
Fielder,Team Falcons,Mizuki,3
Kellan,Dallas Fuel,Domina,3
Cjay,Dallas Fuel,Mizuki,3
Proud,T1,Widowmaker,3
Zest,T1,Vendetta,3
Seicoe,Virtus.pro,Echo,3
Insane,All Gamers,Emre,3
Insane,All Gamers,Cassidy,3
LiGe,All Gamers,Domina,3
LiGe,All Gamers,Ramattra,3
HeeSang,Crazy Raccoon,Anran,3
LIP,Crazy Raccoon,Emre,3
LIP,Crazy Raccoon,Widowmaker,3
JunBin,Crazy Raccoon,Winston,3
Leave,Weibo Gaming,Venture,3
LeeSooMin,Weibo Gaming,Wuyang,3
Checkmate,Team Falcons,Mei,3
JaeWoo,Twisted Minds,Anran,3
Simple,Twisted Minds,Mizuki,3
Simple,Twisted Minds,Ana,3
DONGHAK,T1,Zarya,3
Zeruhh,Team Liquid,Echo,3
Checkmate,Team Falcons,Torbjörn,3
Infekted,Team Liquid,Sigma,3
JaeWoo,Twisted Minds,Symmetra,3
homerunball,Please Not Hero Ban,Ramattra,3
Leonopteryx,Telomere,Winston,3
epic,TOKYO TAIYOs,Jetpack Cat,3
Mihawk,TOKYO TAIYOs,Ana,3
KSG,VARREL,Winston,3
DOX,Lazuli,Winston,3
smash,Lazuli,Kiriko,3
NICO,VARREL,Sojourn,3
KSG,VARREL,Wrecking Ball,3
ans,TOKYO TAIYOs,Tracer,3
Mihawk,TOKYO TAIYOs,Illari,3
orca,Nyam Gaming,Lúcio,3
homerunball,Please Not Hero Ban,Wrecking Ball,3
NEIVIS,Please Not Hero Ban,Jetpack Cat,3
NHZ,Lazuli,Kiriko,3
umi,Lazuli,Ana,3
Mihawk,TOKYO TAIYOs,Juno,3
SORI,99DIVINE,Widowmaker,3
QLOUD,VARREL,Juno,3
QLOUD,VARREL,Baptiste,3
QLOUD,VARREL,Jetpack Cat,3
umi,Lazuli,Baptiste,3
Mihawk,TOKYO TAIYOs,Mercy,3
Ky0n,Please Not Hero Ban,Echo,3
Soae,Please Not Hero Ban,Torbjörn,3
NewJ,ENTER FORCE.36,Tracer,3
SLEY,VARREL,Kiriko,3
APDO,Nyam Gaming,Echo,3
DOX,Lazuli,Reinhardt,3
NHZ,Lazuli,Wuyang,3
epic,TOKYO TAIYOs,Juno,3
Heesung,ENTER FORCE.36,Doomfist,3
Soae,Please Not Hero Ban,Tracer,3
HeeSang,Crazy Raccoon,Genji,3
MAX,Crazy Raccoon,Orisa,3
BERNAR,ZETA DIVISION,Winston,3
HEISER,ZAN Esports,Orisa,3
Jasm1ne,T1,Wrecking Ball,3
A1IEN,ZAN Esports,Genji,3
A1IEN,ZAN Esports,Cassidy,3
Becky,ZAN Esports,Mei,3
HeeSang,Crazy Raccoon,Cassidy,3
STALK3R,Crazy Raccoon,Widowmaker,3
D4RT,Poker Face,Hanzo,3
perr,New Era,Symmetra,3
ZEST,T1,Pharah,3
Bliss,T1,Brigitte,3
knife,ZETA DIVISION,Venture,3
Proper,ZETA DIVISION,Mei,3
FARMER,Cheeseburger,Mauga,3
M1NUT2,Poker Face,Cassidy,3
BERNAR,ZETA DIVISION,Wrecking Ball,3
MCD,New Era,Juno,3
HeeSang,Crazy Raccoon,Mei,3
FARMER,Cheeseburger,Sigma,3
YangJun,ZAN Esports,Juno,3
Proper,ZETA DIVISION,Widowmaker,3
MER1T,Team Falcons,Bastion,3
MER1T,Team Falcons,Symmetra,3
KILO,RØDE ONSIDE GAMING,Cassidy,3
Gur3um,Poker Face,Mauga,3
STALK3R,Crazy Raccoon,Reaper,3
MCD,New Era,Orisa,3
DONGHAK,T1,Orisa,3
shu,ZETA DIVISION,Lúcio,3
Yate,New Era,Hazard,3
DONGHAK,T1,Hazard,3
DONGHAK,T1,Mauga,3
ATTACK,RØDE ONSIDE GAMING,Ramattra,3
Mealgaru,ZETA DIVISION,Ramattra,3
Fearful,Poker Face,D.Va,3
SeungAn,Cheeseburger,Zarya,3
SeungAn,Cheeseburger,Mauga,3
Taimouren,Milk Tea,Ashe,3
skyshow,DEG,Sojourn,3
Limbo,DEG,Hazard,3
Saya,DEG,Wuyang,3
Shy,Weibo Gaming,Symmetra,3
Pineapple,JD Gaming,Tracer,3
Pineapple,JD Gaming,Hanzo,3
Belosrea,JD Gaming,Sigma,3
BABAYAGA,SV,Widowmaker,3
A1WAYS,SV,Ana,3
skyshow,DEG,Emre,3
Kaneki,JD Gaming,Venture,3
Alphari,All Gamers,Mei,3
Alphari,All Gamers,Hanzo,3
LiGe,All Gamers,Wrecking Ball,3
9TRIBEZ,Homie E,Orisa,3
sara,Naive Piggy,Ana,3
Shy,Weibo Gaming,Widowmaker,3
wh4le,Naive Piggy,Tracer,3
Eileen,Milk Tea,Pharah,3
feiyang,Milk Tea,Mauga,3
Coldj,Naive Piggy,Wuyang,3
Eileen,Milk Tea,Cassidy,3
Diya,Milk Tea,Illari,3
guxue,Weibo Gaming,Doomfist,3
LiGe,All Gamers,Sigma,3
Hypnos,Milk Tea,Illari,3
Leave,Weibo Gaming,Genji,3
wh4le,Naive Piggy,Ashe,3
guxue,Weibo Gaming,D.Va,3
Kaneki,JD Gaming,Mei,3
Diya,Milk Tea,Emre,3
Diya,Milk Tea,Cassidy,3
Lateyoung,Naive Piggy,Hazard,3
Ezhan,All Gamers,Mei,3
Mag,All Gamers,Wrecking Ball,3
Leave,Weibo Gaming,Sierra,3
Leave,Weibo Gaming,Reaper,3
Ezhan,All Gamers,Reaper,3
Pineapple,JD Gaming,Reaper,3
Lengsa,All Gamers,Mercy,3
Kaneki,JD Gaming,Reaper,3
Insane,All Gamers,Bastion,3
BABYAGA,SV,Tracer,3
Pineapple,JD Gaming,Genji,3
Vestola,Al Qadsiah,Domina,3
Dip,Team Peps,Widowmaker,3
Dip,Team Peps,Symmetra,3
Quartz,Twisted Minds,Widowmaker,3
eisgnom,Virtus.pro,Wrecking Ball,3
FiNN,Geekay Esports,Wuyang,3
Simple,Twisted Minds,Illari,3
Khenail,Anyone's Legend,Brigitte,3
Dip,Team Peps,Pharah,3
Kellan,Dallas Fuel,Zarya,3
PGE,Disguised,Tracer,3
Tred,Disguised,Doomfist,3
Admiral,Spacestation Gaming,Kiriko,3
Zeb,LuneX Gaming,Doomfist,3
pdk,Extinction,Cassidy,3
Ryan,Extinction,Vendetta,3
Grapes,Extinction,Jetpack Cat,3
Grapes,Extinction,Brigitte,3
Lethal,Spacestation Gaming,Tracer,3
Sugarfree,Spacestation Gaming,Genji,3
Kronik,Dallas Fuel,Ashe,3
Cjay,Dallas Fuel,Jetpack Cat,3
Admiral,Spacestation Gaming,Juno,3
TR33,Team Liquid,Vendetta,3
Hyvision,Team Secret,Widowmaker,3
PaLee,Team Secret,Lúcio,3
Tom4to,Rankers,Illari,3
Tom4to,Rankers,Mizuki,3
Regr3t,FURY,Sombra,3
Regr3t,FURY,Widowmaker,3
Pugz,FURY,Brigitte,3
UYOU,Team Secret,D.Va,3
jamorant,Quasar Esports,Winston,3
Beeple,Quasar Esports,Jetpack Cat,3
Tom4to,Rankers,Brigitte,3
Lumi,Quasar Esports,Winston,3
Beeple,Quasar Esports,Baptiste,3
Kairen,MieMieYang,Ramattra,3
Nyang,The Gatos Guapos,Sojourn,3
Punk,The Gatos Guapos,Ramattra,3
Scyle,Disguised,Mizuki,2
Scyle,Disguised,Jetpack Cat,2
Zorrow,Team Peps,Widowmaker,2
Dip,Team Peps,Anran,2
FDGod,Team Peps,Wuyang,2
Xerion,Team Peps,Mizuki,2
Nico,VARREL,Sojourn,2
TOPDRAGON,VARREL,Anran,2
TOPDRAGON,VARREL,Venture,2
KSG,VARREL,Domina,2
Sley,VARREL,Wuyang,2
ChiYo,Team Falcons,Wuyang,2
Cjay,Dallas Fuel,Illari,2
Zest,T1,Anran,2
skewed,T1,Mizuki,2
Seicoe,Virtus.pro,Anran,2
Landon,Virtus.pro,Mizuki,2
Landon,Virtus.pro,Baptiste,2
Viper,All Gamers,Tracer,2
HeeSang,Crazy Raccoon,Hanzo,2
HeeSang,Crazy Raccoon,Echo,2
LIP,Crazy Raccoon,Ashe,2
JunBin,Crazy Raccoon,Sigma,2
Willys,Team Peps,Ramattra,2
Leave,Weibo Gaming,Anran,2
Guxue,Weibo Gaming,Domina,2
Guxue,Weibo Gaming,Sigma,2
Guxue,Weibo Gaming,D.Va,2
Quartz,Twisted Minds,Tracer,2
TVNT,Twisted Minds,Wrecking Ball,2
FunnyAstro,Twisted Minds,Wuyang,2
Proud,T1,Tracer,2
Zeruhh,Team Liquid,Anran,2
Infekted,Team Liquid,Zarya,2
Rupal,Team Liquid,Mizuki,2
Rupal,Team Liquid,Ana,2
LIP,Crazy Raccoon,Cassidy,2
Ch0r0ng,Crazy Raccoon,Kiriko,2
Hanbin,Team Falcons,Winston,2
JaeWoo,Twisted Minds,Genji,2
Soae,Please Not Hero Ban,Reaper,2
pav2l,Telomere,Ashe,2
Leonopteryx,Telomere,Reinhardt,2
Elysia,Telomere,Wuyang,2
Heesung,ENTER FORCE.36,Ramattra,2
Heesung,ENTER FORCE.36,Domina,2
Undersea,Nyam Gaming,Symmetra,2
ans,TOKYO TAIYOs,Ashe,2
ans,TOKYO TAIYOs,Soldier: 76,2
ta1yo,TOKYO TAIYOs,Emre,2
NICO,VARREL,Bastion,2
NHZ,Lazuli,Mizuki,2
ans,TOKYO TAIYOs,Symmetra,2
ta1yo,TOKYO TAIYOs,Vendetta,2
PEPPI,TOKYO TAIYOs,Zarya,2
mint,Nyam Gaming,Mizuki,2
Ky0n,Please Not Hero Ban,Widowmaker,2
Setsuna,Lazuli,Freja,2
NHZ,Lazuli,Jetpack Cat,2
PEPPI,TOKYO TAIYOs,Doomfist,2
HRY,99DIVINE,Pharah,2
TOPDRAGON,VARREL,Pharah,2
Ydot,ENTER FORCE.36,Jetpack Cat,2
Gaisen,ENTER FORCE.36,Mizuki,2
pav2l,Telomere,Genji,2
pav2l,Telomere,Symmetra,2
Elysia,Telomere,Moira,2
NEIVIS,Please Not Hero Ban,Illari,2
SORI,99DIVINE,Symmetra,2
Ydot,ENTER FORCE.36,Juno,2
KSG,VARREL,Sigma,2
NHZ,Lazuli,Baptiste,2
kiibo,Telomere,Moira,2
Roxy,Nyam Gaming,Orisa,2
Gaisen,ENTER FORCE.36,Baptiste,2
NICO,VARREL,Vendetta,2
Breadturtle,Telomere,Echo,2
pav2l,Telomere,Widowmaker,2
Vosa1q,Telomere,Hazard,2
NHZ,Lazuli,Moira,2
homerunball,Please Not Hero Ban,Winston,2
Roxy,Nyam Gaming,Sigma,2
PEPPI,TOKYO TAIYOs,Hazard,2
Vosa1q,Telomere,Mauga,2
Ydot,ENTER FORCE.36,Lifeweaver,2
homerunball,Please Not Hero Ban,Hazard,2
Ydot,ENTER FORCE.36,Illari,2
SeungAn,Cheeseburger,Orisa,2
MAX,Crazy Raccoon,Sigma,2
MAX,Crazy Raccoon,Mauga,2
CH0R0NG,Crazy Raccoon,Wuyang,2
CH0R0NG,Crazy Raccoon,Brigitte,2
Proper,ZETA DIVISION,Venture,2
BERNAR,ZETA DIVISION,Sigma,2
SP1NT,RØDE ONSIDE GAMING,Widowmaker,2
SoLA,New Era,Zarya,2
MCD,New Era,Wuyang,2
MCD,New Era,Lúcio,2
Secret,New Era,Illari,2
Secret,New Era,Wuyang,2
Mer1t,Team Falcons,Hanzo,2
Becky,ZAN Esports,Venture,2
HEISER,ZAN Esports,Ramattra,2
HeeSang,Crazy Raccoon,Sojourn,2
D4RT,Poker Face,Mei,2
D0D0,New Era,Venture,2
MCD,New Era,Illari,2
Secret,New Era,Ana,2
KILO,RØDE ONSIDE GAMING,Tracer,2
iRONY,RØDE ONSIDE GAMING,Jetpack Cat,2
Jasm1ne,T1,Orisa,2
BERNAR,ZETA DIVISION,Domina,2
Checkmate,Team Falcons,Widowmaker,2
Hanbin,Team Falcons,Sigma,2
ZeSin,Cheeseburger,Anran,2
Probe,ZAN Esports,Sojourn,2
Probe,ZAN Esports,Widowmaker,2
HEISER,ZAN Esports,Winston,2
STALK3R,Crazy Raccoon,Mei,2
Fielder,Team Falcons,Lúcio,2
ZEST,T1,Venture,2
Jamelgong,Cheeseburger,Vendetta,2
ATTACK,RØDE ONSIDE GAMING,Orisa,2
iRONY,RØDE ONSIDE GAMING,Mercy,2
Probe,ZAN Esports,Symmetra,2
YangJun,ZAN Esports,Lifeweaver,2
Hanbin,Team Falcons,Mauga,2
Fielder,Team Falcons,Jetpack Cat,2
Jasm1ne,T1,Mauga,2
Checkmate,Team Falcons,Echo,2
Jasm1ne,T1,Doomfist,2
Vigilante,Crazy Raccoon,Jetpack Cat,2
HEISER,ZAN Esports,Sigma,2
SP1NT,RØDE ONSIDE GAMING,Torbjörn,2
FARMER,Cheeseburger,Doomfist,2
Faith,Cheeseburger,Zenyatta,2
DONGHAK,T1,Ramattra,2
DONGHAK,T1,Roadhog,2
DONGHAK,T1,Junker Queen,2
TenTen,Poker Face,Illari,2
TenTen,Poker Face,Brigitte,2
JunBin,Crazy Raccoon,Orisa,2
knife,ZETA DIVISION,Reaper,2
Gur3um,Poker Face,Winston,2
ZEST,T1,Genji,2
Hanbin,Team Falcons,Orisa,2
SP1NT,RØDE ONSIDE GAMING,Reaper,2
MCD,New Era,Zenyatta,2
Proud,T1,Bastion,2
knife,ZETA DIVISION,Genji,2
iRONY,RØDE ONSIDE GAMING,Baptiste,2
Fearful,Poker Face,Ramattra,2
Fearful,Poker Face,Mauga,2
Argon,Cheeseburger,Widowmaker,2
Eileen,Milk Tea,Freja,2
Eileen,Milk Tea,Tracer,2
Taimouren,Milk Tea,Widowmaker,2
Hypnos,Milk Tea,Ana,2
Hypnos,Milk Tea,Wuyang,2
Hypnos,Milk Tea,Jetpack Cat,2
fari,Homie E,Symmetra,2
LiGe,All Gamers,Orisa,2
skyshow,DEG,Symmetra,2
Leave,Weibo Gaming,Emre,2
Littlemoon,SV,Hanzo,2
prot3ct,SV,Sigma,2
Wangming,DEG,Anran,2
SINCE,DEG,Ana,2
SINCE,DEG,Baptiste,2
Kaneki,JD Gaming,Echo,2
MewTwo,JD Gaming,Zenyatta,2
Alphari,All Gamers,Venture,2
Lilko,Homie E,Venture,2
Lilko,Homie E,Symmetra,2
Noy,SV,Brigitte,2
Mmonk,JD Gaming,Baptiste,2
Eileen,Milk Tea,Reaper,2
SINCE,DEG,Juno,2
TCC,Milk Tea,Juno,2
TCC,Milk Tea,Brigitte,2
wh4le,Naive Piggy,Bastion,2
JAYA,Naive Piggy,Genji,2
wh4le,Naive Piggy,Widowmaker,2
Taimouren,Milk Tea,Echo,2
Eileen,Milk Tea,Venture,2
Hypnos,Milk Tea,Brigitte,2
Diya,Milk Tea,Baptiste,2
Pineapple,JD Gaming,Symmetra,2
LiGe,All Gamers,Hazard,2
Lengsa,All Gamers,Illari,2
Alphari,All Gamers,Echo,2
Lengsa,All Gamers,Wuyang,2
feiyang,Milk Tea,Roadhog,2
Leave,Weibo Gaming,Mei,2
guxue,Weibo Gaming,Sigma,2
guxue,Weibo Gaming,Ramattra,2
Insane,All Gamers,Venture,2
Belosrea,JD Gaming,Reinhardt,2
BABAYAGA,SV,Mei,2
Mag,All Gamers,Ramattra,2
A1WAYS,SV,Kiriko,2
shy,Weibo Gaming,Cassidy,2
TCC,Milk Tea,Jetpack Cat,2
TCC,Milk Tea,Mercy,2
Alphari,All Gamers,Pharah,2
Lengsa,All Gamers,Lifeweaver,2
prot3ct,SV,Ramattra,2
Shy,Weibo Gaming,Bastion,2
BABAYAGA,SV,Bastion,2
Littlemoon,SV,Cassidy,2
prot3ct,SV,Mauga,2
prot3ct,SV,Roadhog,2
Noy,SV,Jetpack Cat,2
Ezhan,All Gamers,Pharah,2
Taejong,Al Qadsiah,Echo,2
KSAA,Twisted Minds,Zarya,2
Xerion,Team Peps,Wuyang,2
FDGod,Team Peps,Juno,2
Ade,Al Qadsiah,Symmetra,2
AlphaYi,Geekay Esports,Widowmaker,2
FunnyAstro,Twisted Minds,Mercy,2
Khenail,Anyone's Legend,Ana,2
Vestola,Al Qadsiah,Sigma,2
TVNT,Twisted Minds,Sigma,2
Galaa,Al Qadsiah,Jetpack Cat,2
Seicoe,Virtus.pro,Widowmaker,2
Kronik,Dallas Fuel,Symmetra,2
Kronik,Dallas Fuel,Hanzo,2
Hawk,Spacestation Gaming,Sigma,2
NenWhy,LuneX Gaming,Illari,2
NenWhy,LuneX Gaming,Juno,2
TR33,Team Liquid,Sombra,2
sniper,Extinction,Wrecking Ball,2
sniper,Extinction,Sigma,2
Grapes,Extinction,Juno,2
Lethal,Spacestation Gaming,Hanzo,2
Ryan,Extinction,Echo,2
TR33,Team Liquid,Symmetra,2
Vega,Team Liquid,Juno,2
Kellan,Dallas Fuel,Reinhardt,2
Cjay,Dallas Fuel,Baptiste,2
Ryan,Extinction,Widowmaker,2
xten,LuneX Gaming,Cassidy,2
Zeb,LuneX Gaming,Wrecking Ball,2
Seonjun,Dallas Fuel,Widowmaker,2
Grapes,Extinction,Moira,2
TR33,Team Liquid,Venture,2
Hyvision,Team Secret,Cassidy,2
Yoshinori2k,Team Secret,Genji,2
Zephyr,Rankers,Pharah,2
Colourhex,The Gatos Guapos,Widowmaker,2
Punk,The Gatos Guapos,Zarya,2
Punk,The Gatos Guapos,Reinhardt,2
Punk,The Gatos Guapos,Hazard,2
Yoko,Quasar Esports,Vendetta,2
Exrai,FURY,Ana,2
Exrai,FURY,Juno,2
Yoshinori2k,Team Secret,Echo,2
Sunset,MieMieYang,Symmetra,2
Kairen,MieMieYang,Zarya,2
TKL,Quasar Esports,Hanzo,2
TKL,Quasar Esports,Widowmaker,2
Yoko,Quasar Esports,Genji,2
Yoko,Quasar Esports,Cassidy,2
Huntin,Quasar Esports,Juno,2
Beeple,Quasar Esports,Juno,2
Tom4to,Rankers,Baptiste,2
FEI,Rankers,Baptiste,2
FEI,Rankers,Lúcio,2
PKFishy,FURY,Pharah,2
Colourhex,The Gatos Guapos,Cassidy,2
Colourhex,The Gatos Guapos,Vendetta,2
sgy,The Gatos Guapos,Pharah,2
Punk,The Gatos Guapos,Doomfist,2
PaLee,Team Secret,Jetpack Cat,2
PaLee,Team Secret,Zenyatta,2
PaLee,Team Secret,Illari,2
Yui,Team Secret,Kiriko,2
Hyunjae,MieMieYang,Brigitte,2
MSCG,MieMieYang,Illari,2
MSCG,MieMieYang,Ana,2
MSCG,MieMieYang,Baptiste,2
TKL,Quasar Esports,Ashe,2
Yoko,Quasar Esports,Mei,2
UYOU,Team Secret,Hazard,2
Scorch,FURY,Orisa,2
Colourhex,The Gatos Guapos,Hazard,2
Colourhex,The Gatos Guapos,D.Va,2
wntr,The Gatos Guapos,Juno,2
FEI,Rankers,Wuyang,2
TKL,Quasar Esports,Bastion,2
Renaco,MieMieYang,Zarya,2
Renaco,MieMieYang,D.Va,2
wntr,The Gatos Guapos,Brigitte,2
FEI,Rankers,Ana,2
PGE,Disguised,Ashe,1
Rokit,Disguised,Anran,1
Zorrow,Team Peps,Ashe,1
Nico,VARREL,Emre,1
Nico,VARREL,Cassidy,1
Nico,VARREL,Freja,1
Nico,VARREL,Widowmaker,1
Nico,VARREL,Tracer,1
Sley,VARREL,Mizuki,1
Sley,VARREL,Jetpack Cat,1
Sley,VARREL,Illari,1
Qloud,VARREL,Jetpack Cat,1
Qloud,VARREL,Kiriko,1
Qloud,VARREL,Brigitte,1
Qloud,VARREL,Baptiste,1
ChiYo,Team Falcons,Illari,1
Kronik,Dallas Fuel,Bastion,1
Seonjun,Dallas Fuel,Anran,1
Cjay,Dallas Fuel,Wuyang,1
Cjay,Dallas Fuel,Mercy,1
Zest,T1,Widowmaker,1
Zest,T1,Genji,1
Kevster,Virtus.pro,Hanzo,1
eisgnom,Virtus.pro,Reinhardt,1
FiXa,Virtus.pro,Zenyatta,1
Landon,Virtus.pro,Illari,1
Viper,All Gamers,Anran,1
Viper,All Gamers,Echo,1
Insane,All Gamers,Anran,1
Insane,All Gamers,Sojourn,1
Kivis,All Gamers,Mizuki,1
Kivis,All Gamers,Kiriko,1
Kivis,All Gamers,Illari,1
LIP,Crazy Raccoon,Sombra,1
FDGod,Team Peps,Mercy,1
Shy,Weibo Gaming,Ashe,1
Leave,Weibo Gaming,Freja,1
Guxue,Weibo Gaming,Zarya,1
LeeSooMin,Weibo Gaming,Mizuki,1
MAKA,Weibo Gaming,Wuyang,1
Fielder,Team Falcons,Lifeweaver,1
Zest,T1,Tracer,1
skewed,T1,Brigitte,1
Vega,Team Liquid,Lifeweaver,1
Rupal,Team Liquid,Juno,1
FiXa,Virtus.pro,Wuyang,1
FiXa,Virtus.pro,Baptiste,1
HeeSang,Crazy Raccoon,Torbjörn,1
JunBin,Crazy Raccoon,Reinhardt,1
Ch0r0ng,Crazy Raccoon,Illari,1
Zeruhh,Team Liquid,Widowmaker,1
Vigilante,Crazy Raccoon,Wuyang,1
Quartz,Twisted Minds,Cassidy,1
Quartz,Twisted Minds,Sombra,1
FunnyAstro,Twisted Minds,Zenyatta,1
Ky0n,Please Not Hero Ban,Ashe,1
Breadturtle,Telomere,Sojourn,1
Leonopteryx,Telomere,Sigma,1
kiibo,Telomere,Wuyang,1
Undersea,Nyam Gaming,Echo,1
Undersea,Nyam Gaming,Venture,1
Undersea,Nyam Gaming,Emre,1
Undersea,Nyam Gaming,Tracer,1
ta1yo,TOKYO TAIYOs,Ashe,1
PEPPI,TOKYO TAIYOs,Winston,1
NICO,VARREL,Ashe,1
TOPDRAGON,VARREL,Emre,1
Setsuna,Lazuli,Sombra,1
Yot1y,Lazuli,Sojourn,1
DOX,Lazuli,Roadhog,1
NHZ,Lazuli,Ana,1
NICO,VARREL,Tracer,1
SLEY,VARREL,Mizuki,1
QLOUD,VARREL,Wuyang,1
PEPPI,TOKYO TAIYOs,Wrecking Ball,1
Roxy,Nyam Gaming,Wrecking Ball,1
homerunball,Please Not Hero Ban,Sigma,1
NEIVIS,Please Not Hero Ban,Wuyang,1
DOX,Lazuli,Wrecking Ball,1
ta1yo,TOKYO TAIYOs,Hanzo,1
Mihawk,TOKYO TAIYOs,Lifeweaver,1
ICHI,99DIVINE,Roadhog,1
NICO,VARREL,Freja,1
NICO,VARREL,Genji,1
SLEY,VARREL,Baptiste,1
SLEY,VARREL,Juno,1
SLEY,VARREL,Brigitte,1
Sakume,Please Not Hero Ban,Baptiste,1
Supreme,99DIVINE,Baptiste,1
NewJ,ENTER FORCE.36,Vendetta,1
ICHI,99DIVINE,Sigma,1
Supreme,99DIVINE,Zenyatta,1
Elysia,Telomere,Mizuki,1
TOPDRAGON,VARREL,Mei,1
QLOUD,VARREL,Lúcio,1
QLOUD,VARREL,Brigitte,1
TOPDRAGON,VARREL,Genji,1
TOPDRAGON,VARREL,Widowmaker,1
DOX,Lazuli,Sigma,1
NHZ,Lazuli,Lifeweaver,1
umi,Lazuli,Illari,1
APDO,Nyam Gaming,Venture,1
Mihawk,TOKYO TAIYOs,Mizuki,1
Mihawk,TOKYO TAIYOs,Wuyang,1
Daisy,Nyam Gaming,Pharah,1
Daisy,Nyam Gaming,Tracer,1
APDO,Nyam Gaming,Torbjörn,1
APDO,Nyam Gaming,Emre,1
APDO,Nyam Gaming,Cassidy,1
orca,Nyam Gaming,Lifeweaver,1
pav2l,Telomere,Tracer,1
Vosa1q,Telomere,Doomfist,1
Vosa1q,Telomere,Wrecking Ball,1
umi,Lazuli,Jetpack Cat,1
umi,Lazuli,Lúcio,1
NewJ,ENTER FORCE.36,Hanzo,1
NewJ,ENTER FORCE.36,Torbjörn,1
Heesung,ENTER FORCE.36,Roadhog,1
NEIVIS,Please Not Hero Ban,Juno,1
APDO,Nyam Gaming,Widowmaker,1
Yot1y,Lazuli,Freja,1
Yot1y,Lazuli,Hanzo,1
NHZ,Lazuli,Mercy,1
umi,Lazuli,Wuyang,1
ans,TOKYO TAIYOs,Pharah,1
epic,TOKYO TAIYOs,Illari,1
Mihawk,TOKYO TAIYOs,Zenyatta,1
kiibo,Telomere,Illari,1
Soae,Please Not Hero Ban,Mei,1
NewJ,ENTER FORCE.36,Genji,1
Setsuna,Lazuli,Hanzo,1
Yot1y,Lazuli,Genji,1
DOX,Lazuli,Hazard,1
Daisy,Nyam Gaming,Freja,1
Daisy,Nyam Gaming,Cassidy,1
mint,Nyam Gaming,Lifeweaver,1
mint,Nyam Gaming,Ana,1
orca,Nyam Gaming,Mercy,1
orca,Nyam Gaming,Jetpack Cat,1
NICO,VARREL,Widowmaker,1
harutoon,99DIVINE,Venture,1
harutoon,99DIVINE,Sombra,1
harutoon,99DIVINE,Soldier: 76,1
ans,TOKYO TAIYOs,Vendetta,1
ta1yo,TOKYO TAIYOs,Widowmaker,1
ta1yo,TOKYO TAIYOs,Cassidy,1
ta1yo,TOKYO TAIYOs,Bastion,1
ta1yo,TOKYO TAIYOs,Genji,1
Breadturtle,Telomere,Genji,1
Vosa1q,Telomere,Orisa,1
Vosa1q,Telomere,Reinhardt,1
Vosa1q,Telomere,Junker Queen,1
NICO,VARREL,Hanzo,1
harutoon,99DIVINE,Echo,1
SORI,99DIVINE,Pharah,1
harutoon,99DIVINE,Sojourn,1
NewJ,ENTER FORCE.36,Sombra,1
Edison,ENTER FORCE.36,Reaper,1
Edison,ENTER FORCE.36,Sombra,1
Edison,ENTER FORCE.36,Mei,1
Zesin,Cheeseburger,Symmetra,1
Zesin,Cheeseburger,Vendetta,1
SeungAn,Cheeseburger,Ramattra,1
M1NUT2,Poker Face,Hanzo,1
HeeSang,Crazy Raccoon,Venture,1
MAX,Crazy Raccoon,Domina,1
MAX,Crazy Raccoon,Wrecking Ball,1
Proper,ZETA DIVISION,Emre,1
BERNAR,ZETA DIVISION,Doomfist,1
BERNAR,ZETA DIVISION,Mauga,1
Becky,ZAN Esports,Echo,1
ATTACK,RØDE ONSIDE GAMING,Wrecking Ball,1
SoLA,New Era,Domina,1
MCD,New Era,Mercy,1
Jasm1ne,T1,Sigma,1
Jasm1ne,T1,Domina,1
ZeSin,Cheeseburger,Freja,1
Fielder,Team Falcons,Moira,1
ChiYo,Team Falcons,Lifeweaver,1
KIVIS,ZAN Esports,Jetpack Cat,1
CARU,Poker Face,Baptiste,1
SP1NT,RØDE ONSIDE GAMING,Venture,1
KILO,RØDE ONSIDE GAMING,Mei,1
OPENER,RØDE ONSIDE GAMING,Kiriko,1
iRONY,RØDE ONSIDE GAMING,Mizuki,1
iRONY,RØDE ONSIDE GAMING,Lúcio,1
Proud,T1,Echo,1
Jasm1ne,T1,Reinhardt,1
Proper,ZETA DIVISION,Sojourn,1
BERNAR,ZETA DIVISION,Hazard,1
Mer1t,Team Falcons,Reaper,1
Mer1t,Team Falcons,Mei,1
Checkmate,Team Falcons,Venture,1
Hanbin,Team Falcons,Wrecking Ball,1
ZeSin,Cheeseburger,Reaper,1
YangJun,ZAN Esports,Wuyang,1
Gur3um,Poker Face,Orisa,1
CARU,Poker Face,Zenyatta,1
CH0R0NG,Crazy Raccoon,Kiriko,1
CH0R0NG,Crazy Raccoon,Illari,1
Bliss,T1,Mercy,1
M1NUT2,Poker Face,Tracer,1
D4RT,Poker Face,Venture,1
Gur3um,Poker Face,Doomfist,1
CH0R0NG,Crazy Raccoon,Juno,1
Argon,Cheeseburger,Emre,1
Argon,Cheeseburger,Hanzo,1
Jamelgong,Cheeseburger,Tracer,1
Jamelgong,Cheeseburger,Mei,1
Jamelgong,Cheeseburger,Genji,1
Jamelgong,Cheeseburger,Symmetra,1
SoLA,New Era,Orisa,1
Secret,New Era,Jetpack Cat,1
KIVIS,ZAN Esports,Baptiste,1
Viol2t,ZETA DIVISION,Wuyang,1
skewed,T1,Moira,1
ZeSin,Cheeseburger,Symmetra,1
SOMEONE,Team Falcons,Reinhardt,1
ZEST,T1,Sombra,1
Jasm1ne,T1,Hazard,1
skewed,T1,Jetpack Cat,1
skewed,T1,Illari,1
HeeSang,Crazy Raccoon,Soldier: 76,1
STALK3R,Crazy Raccoon,Sombra,1
Ch0r0ng,Crazy Raccoon,Lifeweaver,1
D0D0,New Era,Anran,1
Secret,New Era,Baptiste,1
Becky,ZAN Esports,Anran,1
YangJun,ZAN Esports,Ana,1
KIVIS,ZAN Esports,Illari,1
knife,ZETA DIVISION,Hanzo,1
Viol2t,ZETA DIVISION,Kiriko,1
Zesin,Cheeseburger,Cassidy,1
Zesin,Cheeseburger,Widowmaker,1
FARMER,Cheeseburger,Orisa,1
skewed,T1,Lifeweaver,1
Proper,ZETA DIVISION,Bastion,1
MCD,New Era,Hazard,1
Yate,New Era,Juno,1
Secret,New Era,Mizuki,1
M1NUT2,Poker Face,Reaper,1
Gur3um,Poker Face,Ramattra,1
SP1NT,RØDE ONSIDE GAMING,Sierra,1
Proud,T1,Venture,1
Proud,T1,Sombra,1
DONGHAK,T1,Winston,1
Mealgaru,ZETA DIVISION,Sigma,1
Viol2t,ZETA DIVISION,Zenyatta,1
shu,ZETA DIVISION,Jetpack Cat,1
HeeSang,Crazy Raccoon,Sombra,1
HeeSang,Crazy Raccoon,Ashe,1
STALK3R,Crazy Raccoon,Sierra,1
STALK3R,Crazy Raccoon,Pharah,1
Proud,T1,Reaper,1
knife,ZETA DIVISION,Sierra,1
Proper,ZETA DIVISION,Sierra,1
shu,ZETA DIVISION,Lifeweaver,1
Argon,Cheeseburger,Genji,1
ZeSin,Cheeseburger,Hanzo,1
FARMER,Cheeseburger,Roadhog,1
WoochaN,Cheeseburger,Lifeweaver,1
Fielder,Team Falcons,Brigitte,1
Ch0r0ng,Crazy Raccoon,Juno,1
YangJun,ZAN Esports,Illari,1
M1NUT2,Poker Face,Sierra,1
SP1NT,RØDE ONSIDE GAMING,Anran,1
KILO,RØDE ONSIDE GAMING,Sierra,1
MER1T,Team Falcons,Tracer,1
Hanbin,Team Falcons,Doomfist,1
perr,New Era,Hanzo,1
D0D0,New Era,Hanzo,1
Yate,New Era,Winston,1
Yate,New Era,Doomfist,1
Faith,Cheeseburger,Juno,1
A1IEN,ZAN Esports,Symmetra,1
A1IEN,ZAN Esports,Vendetta,1
HEISER,ZAN Esports,Reinhardt,1
HEISER,ZAN Esports,Mauga,1
Proper,ZETA DIVISION,Ashe,1
SP1NT,RØDE ONSIDE GAMING,Sombra,1
KILO,RØDE ONSIDE GAMING,Venture,1
KILO,RØDE ONSIDE GAMING,Sombra,1
ATTACK,RØDE ONSIDE GAMING,Reinhardt,1
CH0R0NG,Crazy Raccoon,Ana,1
D4RT,Poker Face,Sierra,1
Fearful,Poker Face,Wrecking Ball,1
Fearful,Poker Face,Zarya,1
Argon,Cheeseburger,Mei,1
Argon,Cheeseburger,Freja,1
knife,ZETA DIVISION,Vendetta,1
Proper,ZETA DIVISION,Reaper,1
Mer1t,Team Falcons,Tracer,1
Checkmate,Team Falcons,Reaper,1
SOMEONE,Team Falcons,Ramattra,1
SOMEONE,Team Falcons,Mauga,1
JunBin,Crazy Raccoon,Roadhog,1
A1IEN,ZAN Esports,Widowmaker,1
SeungAn,Cheeseburger,Hazard,1
Eileen,Milk Tea,Genji,1
Eileen,Milk Tea,Echo,1
Eileen,Milk Tea,Widowmaker,1
Hypnos,Milk Tea,Mizuki,1
Hypnos,Milk Tea,Baptiste,1
Lilko,Homie E,Genji,1
fari,Homie E,Widowmaker,1
9TRIBEZ,Homie E,Ramattra,1
9TRIBEZ,Homie E,Sigma,1
9TRIBEZ,Homie E,Doomfist,1
Remedy,Homie E,Ana,1
skyshow,DEG,Venture,1
Mmonk,JD Gaming,Lúcio,1
Noy,SV,Baptiste,1
Lateyoung,Naive Piggy,Reinhardt,1
Wangming,DEG,Venture,1
Limbo,DEG,Zarya,1
Littlemoon,SV,Freja,1
Recall,All Gamers,Mizuki,1
9TRIBEZ,Homie E,D.Va,1
Lengsa,All Gamers,Juno,1
Lateyoung,Naive Piggy,Winston,1
fari,Homie E,Tracer,1
Remedy,Homie E,Baptiste,1
Unkn0w,Homie E,Brigitte,1
A1WAYS,SV,Juno,1
Shy,Weibo Gaming,Tracer,1
SUNZO,Weibo Gaming,Mauga,1
SUNZO,Weibo Gaming,Orisa,1
MAKA,Weibo Gaming,Mercy,1
Lilko,Homie E,Pharah,1
Lateyoung,Naive Piggy,Ramattra,1
skyshow,DEG,Widowmaker,1
Wangming,DEG,Sojourn,1
Wangming,DEG,Emre,1
BABAYAGA,SV,Emre,1
TCC,Milk Tea,Wuyang,1
Coldj,Naive Piggy,Baptiste,1
Coldj,Naive Piggy,Ana,1
Eileen,Milk Tea,Bastion,1
Leave,Weibo Gaming,Hanzo,1
Noy,SV,Mercy,1
Recall,All Gamers,Lifeweaver,1
Eileen,Milk Tea,Emre,1
Leave,Weibo Gaming,Bastion,1
Lateyoung,Naive Piggy,Sigma,1
Coldj,Naive Piggy,Zenyatta,1
Leave,Weibo Gaming,Echo,1
LeeSooMin,Weibo Gaming,Baptiste,1
Insane,All Gamers,Echo,1
Insane,All Gamers,Hanzo,1
Kaneki,JD Gaming,Freja,1
Mmonk,JD Gaming,Illari,1
MewTwo,JD Gaming,Juno,1
MewTwo,JD Gaming,Ana,1
MewTwo,JD Gaming,Kiriko,1
BABAYAGA,SV,Hanzo,1
prot3ct,SV,Mei,1
Noy,SV,Ana,1
Diya,Milk Tea,Bastion,1
Diya,Milk Tea,Soldier: 76,1
Belosrea,JD Gaming,Junker Queen,1
Insane,All Gamers,Reaper,1
Insane,All Gamers,Genji,1
Mag,All Gamers,Doomfist,1
Mag,All Gamers,Zarya,1
Lengsa,All Gamers,Kiriko,1
MewTwo,JD Gaming,Mercy,1
BABAYAGA,SV,Reaper,1
BABAYAGA,SV,Genji,1
shy,Weibo Gaming,Sierra,1
Eileen,Milk Tea,Sierra,1
Taimouren,Milk Tea,Bastion,1
Taimouren,Milk Tea,Freja,1
Taimouren,Milk Tea,Sierra,1
feiyang,Milk Tea,Winston,1
Diya,Milk Tea,Jetpack Cat,1
Diya,Milk Tea,Mercy,1
TCC,Milk Tea,Ana,1
TCC,Milk Tea,Kiriko,1
Littlemoon,SV,Bastion,1
BABAYAGA,SV,Sierra,1
prot3ct,SV,Reinhardt,1
shy,Weibo Gaming,Symmetra,1
Leave,Weibo Gaming,Widowmaker,1
guxue,Weibo Gaming,Orisa,1
guxue,Weibo Gaming,Wrecking Ball,1
MAKA,Weibo Gaming,Illari,1
Littlemoon,SV,Mei,1
Ezhan,All Gamers,Genji,1
Kaneki,JD Gaming,Anran,1
Mmonk,JD Gaming,Mizuki,1
LeeSooMin,Weibo Gaming,Ana,1
Ezhan,All Gamers,Echo,1
Insane,All Gamers,Soldier: 76,1
BABYAGA,SV,Symmetra,1
prot3ct,SV,Hazard,1
Pineapple,JD Gaming,Freja,1
Alphari,All Gamers,Emre,1
eisgnom,Virtus.pro,Ramattra,1
Ade,Al Qadsiah,Echo,1
Ade,Al Qadsiah,Bastion,1
Vestola,Al Qadsiah,Wrecking Ball,1
Quartz,Twisted Minds,Echo,1
TVNT,Twisted Minds,Orisa,1
KSAA,Twisted Minds,Ramattra,1
KSAA,Twisted Minds,D.Va,1
Landon,Virtus.pro,Mercy,1
crispy,Anyone's Legend,Lifeweaver,1
Taejong,Al Qadsiah,Sombra,1
Galaa,Al Qadsiah,Baptiste,1
SirMajed,Al Qadsiah,Ana,1
FDGod,Team Peps,Mizuki,1
FiNN,Geekay Esports,Lifeweaver,1
JaeWoo,Twisted Minds,Hanzo,1
Tama,Anyone's Legend,Orisa,1
Tama,Anyone's Legend,Doomfist,1
Tama,Anyone's Legend,Wrecking Ball,1
Xerion,Team Peps,Lifeweaver,1
Zorrow,Team Peps,Soldier: 76,1
LBBD7,Geekay Esports,Symmetra,1
TVNT,Twisted Minds,Mauga,1
Simple,Twisted Minds,Lúcio,1
Kai,Anyone's Legend,Freja,1
WMaimone,Anyone's Legend,Symmetra,1
WMaimone,Anyone's Legend,Reaper,1
amdp,Anyone's Legend,Doomfist,1
Khenail,Anyone's Legend,Illari,1
TVNT,Twisted Minds,Hazard,1
amdp,Anyone's Legend,Zarya,1
Khenail,Anyone's Legend,Lifeweaver,1
Khenail,Anyone's Legend,Jetpack Cat,1
AlphaYi,Geekay Esports,Genji,1
AlphaYi,Geekay Esports,Echo,1
ZIYAD,Geekay Esports,Doomfist,1
Haku,Geekay Esports,Brigitte,1
Simple,Twisted Minds,Baptiste,1
FiNN,Geekay Esports,Illari,1
Galaa,Al Qadsiah,Illari,1
FunnyAstro,Twisted Minds,Baptiste,1
Seicoe,Virtus.pro,Bastion,1
Landon,Virtus.pro,Ana,1
PGE,Disguised,Soldier: 76,1
Tred,Disguised,Hazard,1
xten,LuneX Gaming,Widowmaker,1
zzz,LuneX Gaming,Lúcio,1
zzz,LuneX Gaming,Zenyatta,1
NenWhy,LuneX Gaming,Kiriko,1
TR33,Team Liquid,Hanzo,1
Infekted,Team Liquid,Ramattra,1
Escanor,Team Liquid,Ana,1
pdk,Extinction,Freja,1
sniper,Extinction,Domina,1
Lethal,Spacestation Gaming,Venture,1
TR33,Team Liquid,Pharah,1
Escanor,Team Liquid,Baptiste,1
Rokit,Disguised,Hanzo,1
Scyle,Disguised,Zenyatta,1
Lukemino,Dallas Fuel,Baptiste,1
zzz,LuneX Gaming,Baptiste,1
sniper,Extinction,Zarya,1
PGE,Disguised,Bastion,1
PGE,Disguised,Venture,1
PGE,Disguised,Hanzo,1
Lep,Disguised,Lifeweaver,1
Coluge,Team Liquid,Ramattra,1
Coluge,Team Liquid,Sigma,1
Coluge,Team Liquid,Winston,1
Escanor,Team Liquid,Lúcio,1
Rokit,Disguised,Genji,1
Tred,Disguised,Winston,1
Seonjun,Dallas Fuel,Torbjörn,1
Seonjun,Dallas Fuel,Sombra,1
Seonjun,Dallas Fuel,Junkrat,1
Kronik,Dallas Fuel,Freja,1
Kronik,Dallas Fuel,Anran,1
Cjay,Dallas Fuel,Moira,1
Ryan,Extinction,Ashe,1
pdk,Extinction,Widowmaker,1
pdk,Extinction,Tracer,1
pdk,Extinction,Hanzo,1
sniper,Extinction,Doomfist,1
sniper,Extinction,Roadhog,1
sniper,Extinction,Reinhardt,1
sniper,Extinction,Mauga,1
sniper,Extinction,Orisa,1
scuffed,Extinction,Mizuki,1
scuffed,Extinction,Jetpack Cat,1
scuffed,Extinction,Lifeweaver,1
scuffed,Extinction,Lúcio,1
Grapes,Extinction,Zenyatta,1
Grapes,Extinction,Kiriko,1
Grapes,Extinction,Baptiste,1
UltraViolet,Spacestation Gaming,Zenyatta,1
TR33,Team Liquid,Bastion,1
Infekted,Team Liquid,Reinhardt,1
xomba,LuneX Gaming,Pharah,1
Seonjun,Dallas Fuel,Mei,1
Sugarfree,Spacestation Gaming,Widowmaker,1
UltraViolet,Spacestation Gaming,Lúcio,1
Yoshinori2k,Team Secret,Reaper,1
Zephyr,Rankers,Echo,1
Zephyr,Rankers,Ashe,1
Tom4to,Rankers,Wuyang,1
FEI,Rankers,Juno,1
Elva,MieMieYang,Widowmaker,1
wntr,The Gatos Guapos,Mizuki,1
Scorch,FURY,Doomfist,1
Akraken,FURY,Juno,1
Pugz,FURY,Mercy,1
TKL,Quasar Esports,Tracer,1
Lumi,Quasar Esports,Zarya,1
Huntin,Quasar Esports,Illari,1
Beeple,Quasar Esports,Wuyang,1
Regr3t,FURY,Venture,1
Colourhex,The Gatos Guapos,Sojourn,1
sgy,The Gatos Guapos,Hanzo,1
UYOU,Team Secret,Ramattra,1
PaLee,Team Secret,Moira,1
PaLee,Team Secret,Mercy,1
Hyunjae,MieMieYang,Mizuki,1
TKL,Quasar Esports,Vendetta,1
Yoko,Quasar Esports,Soldier: 76,1
jamorant,Quasar Esports,Ramattra,1
jamorant,Quasar Esports,Zarya,1
Huntin,Quasar Esports,Mizuki,1
Zephyr,Rankers,Torbjörn,1
Zephyr,Rankers,Hanzo,1
Despair,Rankers,Winston,1
PKFishy,FURY,Sombra,1
Colourhex,The Gatos Guapos,Symmetra,1
sgy,The Gatos Guapos,Venture,1
Ackyy,The Gatos Guapos,Lúcio,1
wntr,The Gatos Guapos,Kiriko,1
UYOU,Team Secret,Doomfist,1
UYOU,Team Secret,Winston,1
PaLee,Team Secret,Mizuki,1
Kairen,MieMieYang,Winston,1
Lumi,Quasar Esports,Roadhog,1
Lumi,Quasar Esports,Ramattra,1
Lumi,Quasar Esports,Domina,1
Yoshinori2k,Team Secret,Sierra,1
PKFishy,FURY,Venture,1
Regr3t,FURY,Cassidy,1
Scorch,FURY,Sigma,1
jamorant,Quasar Esports,Domina,1
jamorant,Quasar Esports,Orisa,1
jamorant,Quasar Esports,Mauga,1
Nyang,The Gatos Guapos,Reaper,1
sgy,The Gatos Guapos,Genji,1
Colourhex,The Gatos Guapos,Zarya,1
Kairen,MieMieYang,Wrecking Ball,1
Kairen,MieMieYang,Doomfist,1
Hyvision,Team Secret,Hanzo,1
Yoko,Quasar Esports,Reaper,1
Elva,MieMieYang,Sojourn,1
Elva,MieMieYang,Reaper,1
Elva,MieMieYang,Torbjörn,1
Sunset,MieMieYang,Bastion,1
Sunset,MieMieYang,Tracer,1
Nyang,The Gatos Guapos,Bastion,1
Nyang,The Gatos Guapos,Cassidy,1
Nyang,The Gatos Guapos,Symmetra,1
sgy,The Gatos Guapos,Soldier: 76,1
Punk,The Gatos Guapos,Mauga,1
