tournament_sheet,match_format,hero_name,usage_count
Korea - Stage 1,Round Robin,Kiriko,186
Korea - Stage 1,Round Robin,Lúcio,182
Japan - Stage 1,Round Robin,Kiriko,154
Korea - Stage 1,Round Robin,Symmetra,154
Korea - Stage 1,Round Robin,Tracer,142
Korea - Stage 1,Round Robin,Emre,139
Japan - Stage 1,Round Robin,Symmetra,119
Japan - Stage 1,Round Robin,Emre,116
Japan - Stage 1,Round Robin,Tracer,116
Korea - Stage 1,Round Robin,Vendetta,115
Korea - Stage 1,Round Robin,Sojourn,112
Korea - Stage 1,Round Robin,D.Va,106
Korea - Stage 1,Round Robin,Juno,94
EMEA - Stage 1,Round Robin,Emre,94
Japan - Stage 1,Round Robin,Lúcio,93
Korea - Stage 1,Round Robin,Zarya,90
EMEA - Stage 1,Round Robin,Kiriko,88
North America - Stage 1,Round Robin,Kiriko,88
Japan - Stage 1,Round Robin,Vendetta,87
China - Stage 1,Round Robin,Kiriko,84
Japan - Stage 1,Round Robin,D.Va,83
China - Stage 1,Round Robin,Emre,83
Pacific - Stage 1,Round Robin,Kiriko,82
North America - Stage 1,Round Robin,Tracer,80
EMEA - Stage 1,Round Robin,Lúcio,79
Pacific - Stage 1,Round Robin,Tracer,76
Japan - Stage 1,Round Robin,Juno,75
EMEA - Stage 1,Round Robin,Vendetta,75
EMEA - Stage 1,Round Robin,Juno,74
North America - Stage 1,Round Robin,Lúcio,74
Japan - Stage 1,Round Robin,Cassidy,70
North America - Stage 1,Round Robin,Emre,70
China - Stage 1,Round Robin,Lúcio,69
China - Stage 1,Round Robin,Tracer,68
China - Stage 1,Swiss Stage,Kiriko,67
Korea - Stage 1,Round Robin,Brigitte,64
China - Stage 1,Swiss Stage,Vendetta,64
EMEA - Stage 1,Round Robin,Zarya,64
Korea - Stage 1,Round Robin,Ana,62
China - Stage 1,Round Robin,Symmetra,61
Pacific - Stage 1,Round Robin,D.Va,60
EMEA - Stage 1,Round Robin,Tracer,59
Japan - Stage 1,Round Robin,Sojourn,57
Japan - Stage 1,Round Robin,Brigitte,57
Japan - Stage 1,Round Robin,Wuyang,55
Pacific - Stage 1,Round Robin,Emre,55
China - Stage 1,Swiss Stage,Lúcio,54
North America - Stage 1,Round Robin,Symmetra,54
North America - Stage 1,Round Robin,D.Va,54
North America - Stage 1,Round Robin,Juno,54
Non-Partner Team Index,UNKNOWN,Tracer,54
Non-Partner Team Index,UNKNOWN,Genji,54
Non-Partner Team Index,UNKNOWN,Winston,54
Non-Partner Team Index,UNKNOWN,Lúcio,54
Non-Partner Team Index,UNKNOWN,Ana,54
Pacific - Stage 1,Round Robin,Symmetra,53
Pacific - Stage 1,Round Robin,Lúcio,52
China - Stage 1,Round Robin,Juno,51
Japan - Stage 1,Round Robin,Zarya,47
Korea - Stage 1,Round Robin,Hazard,47
China - Stage 1,Swiss Stage,Sojourn,47
Pacific - Stage 1,Round Robin,Sojourn,47
Korea - Stage 1,Round Robin,Widowmaker,45
China - Stage 1,Swiss Stage,Juno,45
North America - Stage 1,Round Robin,Sojourn,45
Korea - Stage 1,Round Robin,Cassidy,44
Japan - Stage 1,Round Robin,Ana,43
North America - Stage 1,Round Robin,Vendetta,42
Japan - Stage 1,Round Robin,Ramattra,41
China - Stage 1,Swiss Stage,Symmetra,41
Japan - Stage 1,Round Robin,Orisa,40
EMEA - Stage 1,Round Robin,D.Va,39
China - Stage 1,Round Robin,Sojourn,38
Japan - Stage 1,Round Robin,Widowmaker,36
Pacific - Stage 1,Round Robin,Ana,36
Korea - Stage 1,Round Robin,Pharah,35
China - Stage 1,Swiss Stage,D.Va,35
Japan - Stage 1,Round Robin,Baptiste,34
Korea - Stage 1,Round Robin,Jetpack Cat,34
China - Stage 1,Swiss Stage,Tracer,34
Pacific - Stage 1,Round Robin,Illari,34
Korea - Stage 1,Round Robin,Wrecking Ball,32
China - Stage 1,Swiss Stage,Emre,32
China - Stage 1,Swiss Stage,Zarya,32
China - Stage 1,Round Robin,D.Va,32
North America - Stage 1,Round Robin,Brigitte,32
Japan - Stage 1,Round Robin,Winston,31
Korea - Stage 1,Round Robin,Genji,31
China - Stage 1,Round Robin,Brigitte,31
EMEA - Stage 1,Round Robin,Brigitte,31
Korea - Stage 1,Round Robin,Orisa,30
China - Stage 1,Round Robin,Ana,30
North America - Stage 1,Round Robin,Cassidy,30
Korea - Stage 1,Seeding Decider,Tracer,29
Korea - Stage 1,Seeding Decider,Kiriko,29
China - Stage 1,Round Robin,Cassidy,29
China - Stage 1,Round Robin,Zarya,29
Japan - Stage 1,Round Robin,Hazard,28
Korea - Stage 1,Round Robin,Wuyang,28
EMEA - Stage 1,Round Robin,Pharah,28
Pacific - Stage 1,Round Robin,Zarya,28
Partner Team Index,UNKNOWN,Tracer,28
Partner Team Index,UNKNOWN,Genji,28
Partner Team Index,UNKNOWN,Winston,28
Partner Team Index,UNKNOWN,Lúcio,28
Partner Team Index,UNKNOWN,Ana,28
Japan - Stage 1,Round Robin,Jetpack Cat,27
Korea - Stage 1,Round Robin,Doomfist,27
EMEA - Stage 1,Round Robin,Widowmaker,27
EMEA - Stage 1,Round Robin,Sojourn,27
Japan - Stage 1,Round Robin,Echo,26
Korea - Stage 1,Round Robin,Winston,26
China - Stage 1,Round Robin,Vendetta,26
EMEA - Stage 1,Round Robin,Symmetra,26
Pre-Season Bootcamp,Round 1,Domina,25
North America - Stage 1,Round Robin,Widowmaker,25
North America - Stage 1,Round Robin,Zarya,25
Japan - Stage 1,Round Robin,Sigma,24
China - Stage 1,Round Robin,Pharah,24
China - Stage 1,Round Robin,Hazard,24
Pre-Season Bootcamp,Quarterfinals,Sojourn,23
Pre-Season Bootcamp,Quarterfinals,Kiriko,23
China - Stage 1,Round Robin,Illari,23
Korea - Stage 1,Round Robin,Mauga,22
Korea - Stage 1,Round Robin,Illari,22
Korea - Stage 1,Seeding Decider,Jetpack Cat,22
EMEA - Stage 1,Round Robin,Mauga,22
Pre-Season Bootcamp,Round 1,Sojourn,21
Korea - Stage 1,Seeding Decider,Bastion,21
Korea - Stage 1,Seeding Decider,Symmetra,21
China - Stage 1,Round Robin,Widowmaker,21
China - Stage 1,Round Robin,Orisa,21
Pacific - Stage 1,Round Robin,Cassidy,21
Pacific - Stage 1,Round Robin,Juno,21
Pacific - Stage 1,Round Robin,Vendetta,21
Japan - Stage 1,Round Robin,Wrecking Ball,20
Korea - Stage 1,Round Robin,Echo,20
China - Stage 1,Swiss Stage,Brigitte,20
North America - Stage 1,Round Robin,Jetpack Cat,20
North America - Stage 1,Round Robin,Wrecking Ball,20
Pacific - Stage 1,Round Robin,Brigitte,20
Pre-Season Bootcamp,Round 1,Kiriko,19
Pre-Season Bootcamp,Round 1,Jetpack Cat,19
Japan - Stage 1,Round Robin,Illari,19
Pre-Season Bootcamp,Quarterfinals,Domina,18
Pre-Season Bootcamp,Quarterfinals,Lúcio,18
Pre-Season Bootcamp,Semifinals,Kiriko,18
Japan - Stage 1,Round Robin,Mizuki,18
Japan - Stage 1,Round Robin,Mei,18
Korea - Stage 1,Round Robin,Mei,18
Korea - Stage 1,UNKNOWN,Tracer,18
Korea - Stage 1,Seeding Decider,Emre,18
China - Stage 1,Seeding Decider,Kiriko,18
China - Stage 1,Round Robin,Ramattra,18
Pacific - Stage 1,Round Robin,Reaper,18
Korea - Stage 1,UNKNOWN,Jetpack Cat,17
Korea - Stage 1,Seeding Decider,Juno,17
Korea - Stage 1,Seeding Decider,Lúcio,17
China - Stage 1,Round Robin,Wuyang,17
China - Stage 1,Round Robin,Mei,17
EMEA - Stage 1,Round Robin,Wrecking Ball,17
North America - Stage 1,Round Robin,Ramattra,17
Pacific - Stage 1,Round Robin,Widowmaker,17
Pacific - Stage 1,Round Robin,Mizuki,17
Pre-Season Bootcamp,Quarterfinals,Jetpack Cat,16
Korea - Stage 1,Round Robin,Venture,16
Korea - Stage 1,UNKNOWN,Bastion,16
Korea - Stage 1,UNKNOWN,Ana,16
EMEA - Stage 1,Upper Semifinals,Emre,16
EMEA - Stage 1,Upper Semifinals,Tracer,16
North America - Stage 1,Round Robin,Wuyang,16
Pacific - Stage 1,Round Robin,Wrecking Ball,16
Pre-Season Bootcamp,Round 1,Tracer,15
Pre-Season Bootcamp,Semifinals,Sojourn,15
Korea - Stage 1,Round Robin,Baptiste,15
Korea - Stage 1,Seeding Decider,D.Va,15
China - Stage 1,Seeding Decider,Vendetta,15
Pre-Season Bootcamp,Quarterfinals,Vendetta,14
Japan - Stage 1,Semifinals,Emre,14
Korea - Stage 1,Round Robin,Ramattra,14
Korea - Stage 1,Round Robin,Hanzo,14
China - Stage 1,Swiss Stage,Wuyang,14
China - Stage 1,Seeding Decider,Lúcio,14
EMEA - Stage 1,Upper Semifinals,Zarya,14
North America - Stage 1,Round Robin,Ana,14
North America - Stage 1,Upper Semifinals,Kiriko,14
Pacific - Stage 1,Round Robin,Baptiste,14
Pacific - Stage 1,Round Robin,Echo,14
Pre-Season Bootcamp,Round 1,Lúcio,13
Pre-Season Bootcamp,Quarterfinals,D.Va,13
Japan - Stage 1,Round Robin,Genji,13
Korea - Stage 1,Round Robin,Sigma,13
Korea - Stage 1,Seeding Decider,Zarya,13
Korea - Stage 1,Seeding Decider,Ana,13
China - Stage 1,Seeding Decider,Emre,13
China - Stage 1,Round Robin,Sigma,13
North America - Stage 1,Round Robin,Pharah,13
North America - Stage 1,Round Robin,Illari,13
North America - Stage 1,Round Robin,Orisa,13
Pacific - Stage 1,Round Robin,Jetpack Cat,13
Pre-Season Bootcamp,Round 1,Vendetta,12
Pre-Season Bootcamp,Quarterfinals,Tracer,12
Pre-Season Bootcamp,Semifinals,Tracer,12
Pre-Season Bootcamp,Semifinals,Lúcio,12
Korea - Stage 1,Seeding Decider,Pharah,12
China - Stage 1,Seeding Decider,Symmetra,12
China - Stage 1,Seeding Decider,Juno,12
China - Stage 1,Round Robin,Winston,12
China - Stage 1,Round Robin,Mauga,12
China - Stage 1,Round Robin,Reaper,12
EMEA - Stage 1,Round Robin,Jetpack Cat,12
North America - Stage 1,Round Robin,Winston,12
North America - Stage 1,Upper Semifinals,Tracer,12
Pacific - Stage 1,Round Robin,Winston,12
Pre-Season Bootcamp,Semifinals,Domina,11
Japan - Stage 1,Round Robin,Bastion,11
Japan - Stage 1,Semifinals,Tracer,11
Korea - Stage 1,Round Robin,Bastion,11
China - Stage 1,Swiss Stage,Widowmaker,11
China - Stage 1,Round Robin,Baptiste,11
China - Stage 1,Round Robin,Jetpack Cat,11
EMEA - Stage 1,Round Robin,Hazard,11
EMEA - Stage 1,Upper Semifinals,Kiriko,11
Pacific - Stage 1,Round Robin,Pharah,11
Pre-Season Bootcamp,Semifinals,Jetpack Cat,10
Japan - Stage 1,Round Robin,Pharah,10
Korea - Stage 1,Round Robin,Reaper,10
Korea - Stage 1,UNKNOWN,D.Va,10
China - Stage 1,Swiss Stage,Orisa,10
China - Stage 1,Swiss Stage,Doomfist,10
China - Stage 1,Round Robin,Doomfist,10
China - Stage 1,Upper Semifinals,Tracer,10
EMEA - Stage 1,Round Robin,Echo,10
EMEA - Stage 1,Upper Semifinals,Lúcio,10
EMEA - Stage 1,Grand Finals,Lúcio,10
EMEA - Stage 1,Grand Finals,Kiriko,10
North America - Stage 1,Round Robin,Sigma,10
North America - Stage 1,Round Robin,Baptiste,10
North America - Stage 1,Upper Semifinals,Symmetra,10
North America - Stage 1,Upper Finals,Tracer,10
Pre-Season Bootcamp,Round 1,Emre,9
Pre-Season Bootcamp,Round 1,Widowmaker,9
Pre-Season Bootcamp,Round 1,Anran,9
Pre-Season Bootcamp,Round 1,Mizuki,9
Japan - Stage 1,Round Robin,Doomfist,9
Japan - Stage 1,Round Robin,Mauga,9
Japan - Stage 1,Round Robin,Lifeweaver,9
Japan - Stage 1,Semifinals,Juno,9
Korea - Stage 1,Seeding Decider,Sojourn,9
Korea - Stage 1,Seeding Decider,Mei,9
Korea - Stage 1,Seeding Decider,Ramattra,9
China - Stage 1,Swiss Stage,Cassidy,9
China - Stage 1,Swiss Stage,Hazard,9
China - Stage 1,Seeding Decider,D.Va,9
China - Stage 1,Round Robin,Wrecking Ball,9
China - Stage 1,Upper Semifinals,Symmetra,9
China - Stage 1,Lower Finals,Kiriko,9
China - Stage 1,Grand Finals,Jetpack Cat,9
EMEA - Stage 1,Round Robin,Ana,9
North America - Stage 1,Round Robin,Mauga,9
North America - Stage 1,Upper Semifinals,Sojourn,9
North America - Stage 1,Upper Semifinals,Lúcio,9
North America - Stage 1,Upper Semifinals,Juno,9
North America - Stage 1,Upper Semifinals,Orisa,9
North America - Stage 1,Upper Finals,Kiriko,9
Pacific - Stage 1,Round Robin,Wuyang,9
Pacific - Stage 1,Round Robin,Hanzo,9
Pacific - Stage 1,Round Robin,Ramattra,9
Pre-Season Bootcamp,Round 1,D.Va,8
Pre-Season Bootcamp,Quarterfinals,Anran,8
Pre-Season Bootcamp,Quarterfinals,Emre,8
Pre-Season Bootcamp,Quarterfinals,Zarya,8
Pre-Season Bootcamp,Quarterfinals,Wuyang,8
Pre-Season Bootcamp,Quarterfinals,Mizuki,8
Japan - Stage 1,Semifinals,Ana,8
Japan - Stage 1,Third Place Match,Kiriko,8
Japan - Stage 1,Grand Finals,Emre,8
Japan - Stage 1,Grand Finals,Tracer,8
Korea - Stage 1,Round Robin,Sombra,8
Korea - Stage 1,UNKNOWN,Mauga,8
Korea - Stage 1,UNKNOWN,Kiriko,8
Korea - Stage 1,Seeding Decider,Mauga,8
China - Stage 1,Swiss Stage,Ana,8
China - Stage 1,Swiss Stage,Baptiste,8
China - Stage 1,Seeding Decider,Tracer,8
China - Stage 1,Seeding Decider,Zarya,8
China - Stage 1,Seeding Decider,Sojourn,8
China - Stage 1,Round Robin,Genji,8
China - Stage 1,Upper Semifinals,Bastion,8
China - Stage 1,Upper Semifinals,Kiriko,8
China - Stage 1,Upper Semifinals,Jetpack Cat,8
China - Stage 1,Upper Finals,Kiriko,8
China - Stage 1,Lower Finals,Tracer,8
China - Stage 1,Grand Finals,Bastion,8
China - Stage 1,Grand Finals,Kiriko,8
EMEA - Stage 1,Upper Semifinals,Symmetra,8
EMEA - Stage 1,Upper Semifinals,Juno,8
EMEA - Stage 1,Lower Finals,Emre,8
EMEA - Stage 1,Lower Finals,Zarya,8
EMEA - Stage 1,Lower Finals,Kiriko,8
EMEA - Stage 1,Lower Finals,Lúcio,8
EMEA - Stage 1,Grand Finals,Emre,8
EMEA - Stage 1,Grand Finals,Vendetta,8
EMEA - Stage 1,Grand Finals,Zarya,8
North America - Stage 1,Round Robin,Echo,8
North America - Stage 1,Round Robin,Genji,8
North America - Stage 1,Upper Finals,Juno,8
North America - Stage 1,Grand Finals,Kiriko,8
Pacific - Stage 1,Round Robin,Orisa,8
Pre-Season Bootcamp,Round 1,Cassidy,7
Pre-Season Bootcamp,Round 1,Wuyang,7
Pre-Season Bootcamp,Grand Finals,Tracer,7
Japan - Stage 1,Round Robin,Ashe,7
Japan - Stage 1,Round Robin,Roadhog,7
Japan - Stage 1,Semifinals,Symmetra,7
Japan - Stage 1,Semifinals,Mauga,7
Japan - Stage 1,Semifinals,Hazard,7
Japan - Stage 1,Semifinals,D.Va,7
Japan - Stage 1,Semifinals,Kiriko,7
Japan - Stage 1,Semifinals,Brigitte,7
Japan - Stage 1,Grand Finals,D.Va,7
Japan - Stage 1,Grand Finals,Ana,7
Korea - Stage 1,UNKNOWN,Lúcio,7
China - Stage 1,Swiss Stage,Wrecking Ball,7
China - Stage 1,Swiss Stage,Venture,7
China - Stage 1,Seeding Decider,Brigitte,7
China - Stage 1,Round Robin,Bastion,7
China - Stage 1,Upper Finals,Bastion,7
EMEA - Stage 1,Round Robin,Illari,7
North America - Stage 1,Round Robin,Doomfist,7
North America - Stage 1,Upper Semifinals,Brigitte,7
North America - Stage 1,Upper Semifinals,Emre,7
North America - Stage 1,Grand Finals,Emre,7
North America - Stage 1,Grand Finals,Lúcio,7
Pre-Season Bootcamp,Round 1,Zarya,6
Pre-Season Bootcamp,Round 1,Baptiste,6
Pre-Season Bootcamp,Round 1,Illari,6
Pre-Season Bootcamp,Quarterfinals,Widowmaker,6
Pre-Season Bootcamp,Semifinals,Symmetra,6
Pre-Season Bootcamp,Semifinals,D.Va,6
Pre-Season Bootcamp,Grand Finals,Sojourn,6
Pre-Season Bootcamp,Grand Finals,D.Va,6
Pre-Season Bootcamp,Grand Finals,Lúcio,6
Pre-Season Bootcamp,Grand Finals,Kiriko,6
Japan - Stage 1,Round Robin,Reinhardt,6
Japan - Stage 1,Round Robin,Moira,6
Japan - Stage 1,Third Place Match,Lúcio,6
Japan - Stage 1,Grand Finals,Hazard,6
Korea - Stage 1,Round Robin,Domina,6
Korea - Stage 1,Round Robin,Lifeweaver,6
Korea - Stage 1,Round Robin,Zenyatta,6
Korea - Stage 1,Round Robin,Sierra,6
Korea - Stage 1,UNKNOWN,Emre,6
Korea - Stage 1,UNKNOWN,Pharah,6
Korea - Stage 1,Seeding Decider,Wrecking Ball,6
China - Stage 1,Seeding Decider,Orisa,6
China - Stage 1,Round Robin,Venture,6
China - Stage 1,Round Robin,Reinhardt,6
China - Stage 1,Round Robin,Sierra,6
China - Stage 1,Upper Semifinals,Emre,6
China - Stage 1,Upper Semifinals,Widowmaker,6
China - Stage 1,Upper Finals,Ana,6
China - Stage 1,Upper Finals,Jetpack Cat,6
China - Stage 1,Lower Semifinals,Tracer,6
China - Stage 1,Lower Finals,Bastion,6
China - Stage 1,Lower Finals,Reaper,6
China - Stage 1,Lower Finals,Jetpack Cat,6
China - Stage 1,Lower Finals,Lúcio,6
China - Stage 1,Grand Finals,Tracer,6
China - Stage 1,Grand Finals,Symmetra,6
EMEA - Stage 1,Round Robin,Doomfist,6
EMEA - Stage 1,Round Robin,Orisa,6
EMEA - Stage 1,Round Robin,Zenyatta,6
EMEA - Stage 1,Lower Semifinals,Emre,6
EMEA - Stage 1,Upper Finals,Emre,6
EMEA - Stage 1,Upper Finals,Zarya,6
EMEA - Stage 1,Upper Finals,Lúcio,6
EMEA - Stage 1,Lower Finals,Tracer,6
EMEA - Stage 1,Grand Finals,Tracer,6
North America - Stage 1,Round Robin,Hanzo,6
North America - Stage 1,Round Robin,Venture,6
North America - Stage 1,Lower Semifinals,Orisa,6
North America - Stage 1,Lower Semifinals,Juno,6
North America - Stage 1,Upper Finals,Sojourn,6
North America - Stage 1,Upper Finals,D.Va,6
North America - Stage 1,Upper Finals,Lúcio,6
North America - Stage 1,Lower Finals,Emre,6
North America - Stage 1,Lower Finals,Tracer,6
North America - Stage 1,Lower Finals,Kiriko,6
North America - Stage 1,Grand Finals,Tracer,6
Pacific - Stage 1,Round Robin,Hazard,6
Pacific - Stage 1,Round Robin,Mauga,6
Pre-Season Bootcamp,Semifinals,Vendetta,5
Pre-Season Bootcamp,Grand Finals,Juno,5
Japan - Stage 1,Round Robin,Freja,5
Japan - Stage 1,Round Robin,Mercy,5
Japan - Stage 1,Round Robin,Torbjörn,5
Japan - Stage 1,Semifinals,Vendetta,5
Japan - Stage 1,Semifinals,Cassidy,5
Japan - Stage 1,Semifinals,Jetpack Cat,5
Japan - Stage 1,Third Place Match,Symmetra,5
Japan - Stage 1,Grand Finals,Symmetra,5
Japan - Stage 1,Grand Finals,Illari,5
Korea - Stage 1,UNKNOWN,Symmetra,5
Korea - Stage 1,UNKNOWN,Wrecking Ball,5
Korea - Stage 1,Seeding Decider,Baptiste,5
Korea - Stage 1,UNKNOWN,Widowmaker,5
Korea - Stage 1,UNKNOWN,Zarya,5
China - Stage 1,Swiss Stage,Sigma,5
China - Stage 1,Swiss Stage,Jetpack Cat,5
China - Stage 1,Round Robin,Echo,5
China - Stage 1,Round Robin,Junker Queen,5
China - Stage 1,Round Robin,Mercy,5
China - Stage 1,Round Robin,Ashe,5
China - Stage 1,Upper Semifinals,Mauga,5
China - Stage 1,Upper Semifinals,Ana,5
China - Stage 1,Upper Semifinals,Lúcio,5
China - Stage 1,Upper Semifinals,D.Va,5
China - Stage 1,Lower Finals,Mauga,5
China - Stage 1,Grand Finals,Mauga,5
EMEA - Stage 1,Round Robin,Winston,5
EMEA - Stage 1,Round Robin,Wuyang,5
EMEA - Stage 1,Upper Semifinals,D.Va,5
EMEA - Stage 1,Upper Finals,Tracer,5
EMEA - Stage 1,Upper Finals,Kiriko,5
North America - Stage 1,Round Robin,Domina,5
North America - Stage 1,Round Robin,Freja,5
North America - Stage 1,Upper Semifinals,D.Va,5
North America - Stage 1,Lower Semifinals,Brigitte,5
North America - Stage 1,Lower Finals,Lúcio,5
North America - Stage 1,Grand Finals,Symmetra,5
North America - Stage 1,Grand Finals,Widowmaker,5
North America - Stage 1,Grand Finals,Zarya,5
Pacific - Stage 1,Round Robin,Genji,5
Pacific - Stage 1,Round Robin,Anran,5
Pacific - Stage 1,Round Robin,Doomfist,5
Pre-Season Bootcamp,Round 1,Symmetra,4
Pre-Season Bootcamp,Round 1,Ramattra,4
Pre-Season Bootcamp,Round 1,Wrecking Ball,4
Pre-Season Bootcamp,Round 1,Juno,4
Pre-Season Bootcamp,Round 1,Hanzo,4
Pre-Season Bootcamp,Quarterfinals,Sigma,4
Pre-Season Bootcamp,Quarterfinals,Ana,4
Pre-Season Bootcamp,Quarterfinals,Wrecking Ball,4
Pre-Season Bootcamp,Quarterfinals,Baptiste,4
Pre-Season Bootcamp,Semifinals,Anran,4
Pre-Season Bootcamp,Semifinals,Emre,4
Pre-Season Bootcamp,Semifinals,Cassidy,4
Pre-Season Bootcamp,Semifinals,Mizuki,4
Pre-Season Bootcamp,Semifinals,Juno,4
Pre-Season Bootcamp,Grand Finals,Domina,4
Japan - Stage 1,Round Robin,Hanzo,4
Japan - Stage 1,Semifinals,Sojourn,4
Japan - Stage 1,Third Place Match,Emre,4
Japan - Stage 1,Third Place Match,Tracer,4
Japan - Stage 1,Third Place Match,Hazard,4
Japan - Stage 1,Grand Finals,Vendetta,4
Japan - Stage 1,Grand Finals,Jetpack Cat,4
Japan - Stage 1,Grand Finals,Kiriko,4
Korea - Stage 1,Round Robin,Mercy,4
Korea - Stage 1,Round Robin,Anran,4
Korea - Stage 1,UNKNOWN,Juno,4
Korea - Stage 1,Seeding Decider,Cassidy,4
Korea - Stage 1,Seeding Decider,Genji,4
China - Stage 1,Swiss Stage,Ramattra,4
China - Stage 1,Swiss Stage,Hanzo,4
China - Stage 1,Round Robin,Hanzo,4
China - Stage 1,Upper Finals,Tracer,4
China - Stage 1,Lower Semifinals,Kiriko,4
China - Stage 1,Lower Finals,D.Va,4
China - Stage 1,Grand Finals,Zarya,4
China - Stage 1,Grand Finals,Ana,4
EMEA - Stage 1,Round Robin,Lifeweaver,4
EMEA - Stage 1,Upper Semifinals,Brigitte,4
EMEA - Stage 1,Lower Semifinals,Vendetta,4
EMEA - Stage 1,Lower Semifinals,Zarya,4
EMEA - Stage 1,Lower Semifinals,Lúcio,4
EMEA - Stage 1,Lower Semifinals,Kiriko,4
EMEA - Stage 1,Lower Finals,Symmetra,4
EMEA - Stage 1,Grand Finals,Pharah,4
EMEA - Stage 1,Grand Finals,Widowmaker,4
EMEA - Stage 1,Grand Finals,D.Va,4
North America - Stage 1,Round Robin,Hazard,4
North America - Stage 1,Round Robin,Reaper,4
North America - Stage 1,Round Robin,Mercy,4
North America - Stage 1,Upper Semifinals,Cassidy,4
North America - Stage 1,Upper Semifinals,Vendetta,4
North America - Stage 1,Upper Semifinals,Zarya,4
North America - Stage 1,Lower Semifinals,Emre,4
North America - Stage 1,Lower Semifinals,Symmetra,4
North America - Stage 1,Lower Semifinals,Kiriko,4
North America - Stage 1,Upper Finals,Symmetra,4
North America - Stage 1,Upper Finals,Emre,4
North America - Stage 1,Lower Finals,Symmetra,4
North America - Stage 1,Grand Finals,Sojourn,4
North America - Stage 1,Grand Finals,Winston,4
North America - Stage 1,Grand Finals,Juno,4
North America - Stage 1,Grand Finals,Ana,4
North America - Stage 1,Grand Finals,Brigitte,4
North America - Stage 1,Grand Finals,D.Va,4
Pacific - Stage 1,Round Robin,Sombra,4
Pacific - Stage 1,Round Robin,Bastion,4
Pre-Season Bootcamp,Round 1,Zenyatta,3
Pre-Season Bootcamp,Round 1,Ana,3
Pre-Season Bootcamp,Round 1,Echo,3
Pre-Season Bootcamp,Quarterfinals,Pharah,3
Pre-Season Bootcamp,Quarterfinals,Symmetra,3
Pre-Season Bootcamp,Quarterfinals,Echo,3
Pre-Season Bootcamp,Quarterfinals,Ashe,3
Pre-Season Bootcamp,Quarterfinals,Freja,3
Pre-Season Bootcamp,Quarterfinals,Juno,3
Pre-Season Bootcamp,Semifinals,Zarya,3
Pre-Season Bootcamp,Grand Finals,Symmetra,3
Pre-Season Bootcamp,Grand Finals,Widowmaker,3
Pre-Season Bootcamp,Grand Finals,Jetpack Cat,3
Japan - Stage 1,Round Robin,Venture,3
Japan - Stage 1,Round Robin,Soldier: 76,3
Japan - Stage 1,Semifinals,Widowmaker,3
Japan - Stage 1,Semifinals,Lúcio,3
Japan - Stage 1,Third Place Match,Cassidy,3
Japan - Stage 1,Grand Finals,Sojourn,3
Japan - Stage 1,Grand Finals,Wuyang,3
Korea - Stage 1,Round Robin,Torbjörn,3
Korea - Stage 1,Round Robin,Roadhog,3
Korea - Stage 1,UNKNOWN,Vendetta,3
Korea - Stage 1,UNKNOWN,Mei,3
Korea - Stage 1,UNKNOWN,Ramattra,3
Korea - Stage 1,Seeding Decider,Widowmaker,3
Korea - Stage 1,Seeding Decider,Winston,3
Korea - Stage 1,Seeding Decider,Illari,3
Korea - Stage 1,Seeding Decider,Brigitte,3
Korea - Stage 1,Seeding Decider,Reaper,3
Korea - Stage 1,Seeding Decider,Vendetta,3
Korea - Stage 1,UNKNOWN,Echo,3
China - Stage 1,Swiss Stage,Pharah,3
China - Stage 1,Swiss Stage,Winston,3
China - Stage 1,Seeding Decider,Jetpack Cat,3
China - Stage 1,Seeding Decider,Pharah,3
China - Stage 1,Seeding Decider,Wuyang,3
China - Stage 1,Seeding Decider,Cassidy,3
China - Stage 1,Round Robin,Soldier: 76,3
China - Stage 1,Round Robin,Freja,3
China - Stage 1,Upper Semifinals,Baptiste,3
China - Stage 1,Upper Finals,Symmetra,3
China - Stage 1,Upper Finals,Mauga,3
China - Stage 1,Upper Finals,D.Va,3
China - Stage 1,Upper Finals,Lúcio,3
China - Stage 1,Lower Semifinals,Bastion,3
China - Stage 1,Lower Semifinals,Emre,3
China - Stage 1,Lower Semifinals,D.Va,3
China - Stage 1,Lower Semifinals,Jetpack Cat,3
China - Stage 1,Lower Finals,Emre,3
China - Stage 1,Lower Finals,Symmetra,3
China - Stage 1,Lower Finals,Ana,3
China - Stage 1,Lower Finals,Genji,3
China - Stage 1,Lower Finals,Ramattra,3
EMEA - Stage 1,Round Robin,Ramattra,3
EMEA - Stage 1,Round Robin,Domina,3
EMEA - Stage 1,Round Robin,Mercy,3
EMEA - Stage 1,Round Robin,Genji,3
EMEA - Stage 1,Upper Semifinals,Vendetta,3
EMEA - Stage 1,Upper Semifinals,Pharah,3
EMEA - Stage 1,Upper Semifinals,Mauga,3
EMEA - Stage 1,Lower Semifinals,Tracer,3
North America - Stage 1,Round Robin,Zenyatta,3
North America - Stage 1,Round Robin,Sombra,3
North America - Stage 1,Round Robin,Mizuki,3
North America - Stage 1,Round Robin,Ashe,3
North America - Stage 1,Round Robin,Moira,3
North America - Stage 1,Upper Semifinals,Jetpack Cat,3
North America - Stage 1,Lower Semifinals,Tracer,3
North America - Stage 1,Upper Finals,Ana,3
North America - Stage 1,Upper Finals,Wuyang,3
North America - Stage 1,Upper Finals,Brigitte,3
North America - Stage 1,Lower Finals,Vendetta,3
North America - Stage 1,Lower Finals,D.Va,3
North America - Stage 1,Lower Finals,Orisa,3
North America - Stage 1,Lower Finals,Juno,3
North America - Stage 1,Grand Finals,Echo,3
North America - Stage 1,Grand Finals,Vendetta,3
North America - Stage 1,Grand Finals,Pharah,3
North America - Stage 1,Grand Finals,Cassidy,3
Pacific - Stage 1,Round Robin,Ashe,3
Pacific - Stage 1,Round Robin,Venture,3
Pre-Season Bootcamp,Round 1,Ashe,2
Pre-Season Bootcamp,Round 1,Freja,2
Pre-Season Bootcamp,Round 1,Genji,2
Pre-Season Bootcamp,Round 1,Sigma,2
Pre-Season Bootcamp,Quarterfinals,Hanzo,2
Pre-Season Bootcamp,Quarterfinals,Genji,2
Pre-Season Bootcamp,Quarterfinals,Lifeweaver,2
Pre-Season Bootcamp,Quarterfinals,Brigitte,2
Pre-Season Bootcamp,Semifinals,Pharah,2
Pre-Season Bootcamp,Semifinals,Torbjörn,2
Pre-Season Bootcamp,Semifinals,Winston,2
Pre-Season Bootcamp,Semifinals,Ana,2
Pre-Season Bootcamp,Semifinals,Brigitte,2
Pre-Season Bootcamp,Semifinals,Genji,2
Pre-Season Bootcamp,Semifinals,Echo,2
Pre-Season Bootcamp,Semifinals,Widowmaker,2
Pre-Season Bootcamp,Grand Finals,Anran,2
Pre-Season Bootcamp,Grand Finals,Vendetta,2
Pre-Season Bootcamp,Grand Finals,Emre,2
Pre-Season Bootcamp,Grand Finals,Cassidy,2
Pre-Season Bootcamp,Grand Finals,Brigitte,2
Pre-Season Bootcamp,Grand Finals,Mizuki,2
Pre-Season Bootcamp,Grand Finals,Wuyang,2
Japan - Stage 1,Round Robin,Sombra,2
Japan - Stage 1,Round Robin,Zenyatta,2
Japan - Stage 1,Semifinals,Illari,2
Japan - Stage 1,Semifinals,Echo,2
Japan - Stage 1,Third Place Match,D.Va,2
Japan - Stage 1,Third Place Match,Zarya,2
Japan - Stage 1,Third Place Match,Mauga,2
Japan - Stage 1,Third Place Match,Ana,2
Japan - Stage 1,Third Place Match,Sojourn,2
Japan - Stage 1,Third Place Match,Winston,2
Japan - Stage 1,Third Place Match,Brigitte,2
Japan - Stage 1,Grand Finals,Echo,2
Japan - Stage 1,Grand Finals,Winston,2
Japan - Stage 1,Grand Finals,Sombra,2
Japan - Stage 1,Grand Finals,Orisa,2
Japan - Stage 1,Grand Finals,Lúcio,2
Korea - Stage 1,Round Robin,Moira,2
Korea - Stage 1,Round Robin,Mizuki,2
Korea - Stage 1,Round Robin,Reinhardt,2
Korea - Stage 1,Round Robin,Junker Queen,2
Korea - Stage 1,UNKNOWN,Sigma,2
Korea - Stage 1,UNKNOWN,Doomfist,2
Korea - Stage 1,Seeding Decider,Sombra,2
Korea - Stage 1,Seeding Decider,Wuyang,2
Korea - Stage 1,UNKNOWN,Cassidy,2
Korea - Stage 1,Seeding Decider,Doomfist,2
Korea - Stage 1,UNKNOWN,Hazard,2
China - Stage 1,Swiss Stage,Genji,2
China - Stage 1,Swiss Stage,Freja,2
China - Stage 1,Swiss Stage,Echo,2
China - Stage 1,Swiss Stage,Mizuki,2
China - Stage 1,Swiss Stage,Illari,2
China - Stage 1,Swiss Stage,Reaper,2
China - Stage 1,Swiss Stage,Reinhardt,2
China - Stage 1,Swiss Stage,Anran,2
China - Stage 1,Swiss Stage,Mei,2
China - Stage 1,Seeding Decider,Mauga,2
China - Stage 1,Seeding Decider,Baptiste,2
China - Stage 1,Seeding Decider,Bastion,2
China - Stage 1,Seeding Decider,Winston,2
China - Stage 1,Seeding Decider,Mei,2
China - Stage 1,Round Robin,Zenyatta,2
China - Stage 1,Round Robin,Lifeweaver,2
China - Stage 1,Round Robin,Roadhog,2
China - Stage 1,Upper Semifinals,Sojourn,2
China - Stage 1,Upper Semifinals,Wrecking Ball,2
China - Stage 1,Upper Semifinals,Illari,2
China - Stage 1,Upper Semifinals,Mei,2
China - Stage 1,Upper Semifinals,Roadhog,2
China - Stage 1,Upper Semifinals,Brigitte,2
China - Stage 1,Upper Semifinals,Doomfist,2
China - Stage 1,Upper Finals,Reaper,2
China - Stage 1,Upper Finals,Pharah,2
China - Stage 1,Upper Finals,Emre,2
China - Stage 1,Upper Finals,Zarya,2
China - Stage 1,Upper Finals,Baptiste,2
China - Stage 1,Upper Finals,Mei,2
China - Stage 1,Lower Semifinals,Symmetra,2
China - Stage 1,Lower Semifinals,Wrecking Ball,2
China - Stage 1,Lower Semifinals,Ana,2
China - Stage 1,Lower Semifinals,Lúcio,2
China - Stage 1,Lower Finals,Soldier: 76,2
China - Stage 1,Lower Finals,Pharah,2
China - Stage 1,Lower Finals,Mei,2
China - Stage 1,Lower Finals,Baptiste,2
China - Stage 1,Lower Finals,Winston,2
China - Stage 1,Lower Finals,Hazard,2
China - Stage 1,Lower Finals,Doomfist,2
China - Stage 1,Grand Finals,Reaper,2
China - Stage 1,Grand Finals,Pharah,2
China - Stage 1,Grand Finals,Emre,2
China - Stage 1,Grand Finals,Lúcio,2
China - Stage 1,Grand Finals,Juno,2
China - Stage 1,Grand Finals,Widowmaker,2
China - Stage 1,Grand Finals,Baptiste,2
EMEA - Stage 1,Round Robin,Baptiste,2
EMEA - Stage 1,Round Robin,Sigma,2
EMEA - Stage 1,Upper Semifinals,Jetpack Cat,2
EMEA - Stage 1,Upper Semifinals,Illari,2
EMEA - Stage 1,Upper Semifinals,Widowmaker,2
EMEA - Stage 1,Upper Semifinals,Doomfist,2
EMEA - Stage 1,Upper Semifinals,Wrecking Ball,2
EMEA - Stage 1,Lower Semifinals,Pharah,2
EMEA - Stage 1,Lower Semifinals,Symmetra,2
EMEA - Stage 1,Lower Semifinals,Widowmaker,2
EMEA - Stage 1,Lower Semifinals,Illari,2
EMEA - Stage 1,Lower Semifinals,Juno,2
EMEA - Stage 1,Lower Semifinals,Brigitte,2
EMEA - Stage 1,Upper Finals,Vendetta,2
EMEA - Stage 1,Upper Finals,Juno,2
EMEA - Stage 1,Upper Finals,Wrecking Ball,2
EMEA - Stage 1,Lower Finals,Vendetta,2
EMEA - Stage 1,Grand Finals,Juno,2
North America - Stage 1,Round Robin,Reinhardt,2
North America - Stage 1,Round Robin,Lifeweaver,2
North America - Stage 1,Upper Semifinals,Wrecking Ball,2
North America - Stage 1,Upper Semifinals,Ramattra,2
North America - Stage 1,Upper Semifinals,Wuyang,2
North America - Stage 1,Upper Semifinals,Genji,2
North America - Stage 1,Upper Semifinals,Widowmaker,2
North America - Stage 1,Lower Semifinals,Sojourn,2
North America - Stage 1,Lower Semifinals,Vendetta,2
North America - Stage 1,Lower Semifinals,Pharah,2
North America - Stage 1,Lower Semifinals,Jetpack Cat,2
North America - Stage 1,Upper Finals,Cassidy,2
North America - Stage 1,Upper Finals,Widowmaker,2
North America - Stage 1,Upper Finals,Wrecking Ball,2
North America - Stage 1,Upper Finals,Ramattra,2
North America - Stage 1,Upper Finals,Winston,2
North America - Stage 1,Upper Finals,Baptiste,2
North America - Stage 1,Upper Finals,Jetpack Cat,2
North America - Stage 1,Upper Finals,Zarya,2
North America - Stage 1,Upper Finals,Doomfist,2
North America - Stage 1,Lower Finals,Widowmaker,2
North America - Stage 1,Lower Finals,Zarya,2
North America - Stage 1,Lower Finals,Brigitte,2
North America - Stage 1,Lower Finals,Jetpack Cat,2
North America - Stage 1,Lower Finals,Cassidy,2
North America - Stage 1,Lower Finals,Mauga,2
North America - Stage 1,Grand Finals,Ramattra,2
North America - Stage 1,Grand Finals,Illari,2
North America - Stage 1,Grand Finals,Jetpack Cat,2
Pacific - Stage 1,Round Robin,Reinhardt,2
Pacific - Stage 1,Round Robin,Mercy,2
Pacific - Stage 1,Round Robin,Soldier: 76,2
Pacific - Stage 1,Round Robin,Torbjörn,2
Pacific - Stage 1,Round Robin,Zenyatta,2
Pacific - Stage 1,Round Robin,Mei,2
Pacific - Stage 1,Round Robin,Domina,2
Pre-Season Bootcamp,Round 1,Venture,1
Pre-Season Bootcamp,Round 1,Brigitte,1
Pre-Season Bootcamp,Round 1,Bastion,1
Pre-Season Bootcamp,Round 1,Mercy,1
Pre-Season Bootcamp,Round 1,Reinhardt,1
Pre-Season Bootcamp,Quarterfinals,Sombra,1
Pre-Season Bootcamp,Quarterfinals,Winston,1
Pre-Season Bootcamp,Quarterfinals,Ramattra,1
Pre-Season Bootcamp,Quarterfinals,Mercy,1
Pre-Season Bootcamp,Quarterfinals,Zenyatta,1
Pre-Season Bootcamp,Quarterfinals,Venture,1
Pre-Season Bootcamp,Quarterfinals,Illari,1
Pre-Season Bootcamp,Quarterfinals,Cassidy,1
Pre-Season Bootcamp,Quarterfinals,Mei,1
Pre-Season Bootcamp,Semifinals,Reinhardt,1
Pre-Season Bootcamp,Semifinals,Wuyang,1
Pre-Season Bootcamp,Semifinals,Illari,1
Pre-Season Bootcamp,Semifinals,Baptiste,1
Pre-Season Bootcamp,Semifinals,Sigma,1
Pre-Season Bootcamp,Grand Finals,Sigma,1
Pre-Season Bootcamp,Grand Finals,Zarya,1
Pre-Season Bootcamp,Grand Finals,Baptiste,1
Pre-Season Bootcamp,Grand Finals,Sombra,1
Pre-Season Bootcamp,Grand Finals,Zenyatta,1
Japan - Stage 1,Round Robin,Reaper,1
Japan - Stage 1,Round Robin,Domina,1
Japan - Stage 1,Round Robin,Anran,1
Japan - Stage 1,Round Robin,Junker Queen,1
Japan - Stage 1,Semifinals,Doomfist,1
Japan - Stage 1,Semifinals,Lifeweaver,1
Japan - Stage 1,Semifinals,Reaper,1
Japan - Stage 1,Semifinals,Hanzo,1
Japan - Stage 1,Semifinals,Orisa,1
Japan - Stage 1,Semifinals,Wrecking Ball,1
Japan - Stage 1,Semifinals,Winston,1
Japan - Stage 1,Third Place Match,Vendetta,1
Japan - Stage 1,Third Place Match,Pharah,1
Japan - Stage 1,Third Place Match,Widowmaker,1
Japan - Stage 1,Grand Finals,Cassidy,1
Japan - Stage 1,Grand Finals,Bastion,1
Japan - Stage 1,Grand Finals,Venture,1
Japan - Stage 1,Grand Finals,Widowmaker,1
Japan - Stage 1,Grand Finals,Reaper,1
Japan - Stage 1,Grand Finals,Genji,1
Japan - Stage 1,Grand Finals,Mei,1
Japan - Stage 1,Grand Finals,Domina,1
Japan - Stage 1,Grand Finals,Zarya,1
Japan - Stage 1,Grand Finals,Wrecking Ball,1
Japan - Stage 1,Grand Finals,Doomfist,1
Japan - Stage 1,Grand Finals,Brigitte,1
Japan - Stage 1,Grand Finals,Baptiste,1
Japan - Stage 1,Grand Finals,Juno,1
Korea - Stage 1,Round Robin,Freja,1
Korea - Stage 1,Round Robin,Soldier: 76,1
Korea - Stage 1,Round Robin,Ashe,1
Korea - Stage 1,UNKNOWN,Genji,1
Korea - Stage 1,UNKNOWN,Orisa,1
Korea - Stage 1,UNKNOWN,Reinhardt,1
Korea - Stage 1,UNKNOWN,Lifeweaver,1
Korea - Stage 1,Seeding Decider,Ashe,1
Korea - Stage 1,Seeding Decider,Venture,1
Korea - Stage 1,Seeding Decider,Reinhardt,1
Korea - Stage 1,UNKNOWN,Sierra,1
Korea - Stage 1,UNKNOWN,Wuyang,1
Korea - Stage 1,UNKNOWN,Freja,1
Korea - Stage 1,Seeding Decider,Echo,1
Korea - Stage 1,Seeding Decider,Torbjörn,1
Korea - Stage 1,Seeding Decider,Roadhog,1
Korea - Stage 1,Seeding Decider,Mizuki,1
Korea - Stage 1,UNKNOWN,Brigitte,1
Korea - Stage 1,UNKNOWN,Anran,1
China - Stage 1,Swiss Stage,Ashe,1
China - Stage 1,Swiss Stage,Zenyatta,1
China - Stage 1,Swiss Stage,Soldier: 76,1
China - Stage 1,Seeding Decider,Widowmaker,1
China - Stage 1,Seeding Decider,Mercy,1
China - Stage 1,Seeding Decider,Echo,1
China - Stage 1,Seeding Decider,Hanzo,1
China - Stage 1,Seeding Decider,Wrecking Ball,1
China - Stage 1,Seeding Decider,Sigma,1
China - Stage 1,Seeding Decider,Ana,1
China - Stage 1,Seeding Decider,Doomfist,1
China - Stage 1,Seeding Decider,Hazard,1
China - Stage 1,Seeding Decider,Ramattra,1
China - Stage 1,Round Robin,Anran,1
China - Stage 1,Upper Semifinals,Winston,1
China - Stage 1,Upper Semifinals,Vendetta,1
China - Stage 1,Upper Semifinals,Cassidy,1
China - Stage 1,Upper Semifinals,Junker Queen,1
China - Stage 1,Upper Semifinals,Zarya,1
China - Stage 1,Upper Semifinals,Orisa,1
China - Stage 1,Upper Semifinals,Genji,1
China - Stage 1,Upper Semifinals,Mercy,1
China - Stage 1,Upper Semifinals,Lifeweaver,1
China - Stage 1,Upper Semifinals,Reaper,1
China - Stage 1,Upper Semifinals,Anran,1
China - Stage 1,Upper Semifinals,Ramattra,1
China - Stage 1,Upper Semifinals,Hazard,1
China - Stage 1,Upper Semifinals,Mizuki,1
China - Stage 1,Upper Finals,Venture,1
China - Stage 1,Upper Finals,Sigma,1
China - Stage 1,Upper Finals,Ramattra,1
China - Stage 1,Upper Finals,Juno,1
China - Stage 1,Upper Finals,Echo,1
China - Stage 1,Upper Finals,Cassidy,1
China - Stage 1,Upper Finals,Soldier: 76,1
China - Stage 1,Lower Semifinals,Hanzo,1
China - Stage 1,Lower Semifinals,Ramattra,1
China - Stage 1,Lower Semifinals,Winston,1
China - Stage 1,Lower Semifinals,Brigitte,1
China - Stage 1,Lower Semifinals,Cassidy,1
China - Stage 1,Lower Semifinals,Widowmaker,1
China - Stage 1,Lower Semifinals,Mauga,1
China - Stage 1,Lower Semifinals,Hazard,1
China - Stage 1,Lower Semifinals,Zarya,1
China - Stage 1,Lower Semifinals,Orisa,1
China - Stage 1,Lower Semifinals,Illari,1
China - Stage 1,Lower Finals,Cassidy,1
China - Stage 1,Lower Finals,Widowmaker,1
China - Stage 1,Lower Finals,Echo,1
China - Stage 1,Lower Finals,Hanzo,1
China - Stage 1,Lower Finals,Sigma,1
China - Stage 1,Lower Finals,Zarya,1
China - Stage 1,Lower Finals,Mercy,1
China - Stage 1,Lower Finals,Brigitte,1
China - Stage 1,Lower Finals,Juno,1
China - Stage 1,Lower Finals,Freja,1
China - Stage 1,Lower Finals,Sojourn,1
China - Stage 1,Lower Finals,Wrecking Ball,1
China - Stage 1,Grand Finals,Sierra,1
China - Stage 1,Grand Finals,Venture,1
China - Stage 1,Grand Finals,Mei,1
China - Stage 1,Grand Finals,Cassidy,1
China - Stage 1,Grand Finals,Soldier: 76,1
China - Stage 1,Grand Finals,Sigma,1
China - Stage 1,Grand Finals,Wrecking Ball,1
China - Stage 1,Grand Finals,Reinhardt,1
China - Stage 1,Grand Finals,Mercy,1
EMEA - Stage 1,Round Robin,Bastion,1
EMEA - Stage 1,Round Robin,Sombra,1
EMEA - Stage 1,Round Robin,Mizuki,1
EMEA - Stage 1,Round Robin,Hanzo,1
EMEA - Stage 1,Round Robin,Soldier: 76,1
EMEA - Stage 1,Round Robin,Freja,1
EMEA - Stage 1,Round Robin,Reaper,1
EMEA - Stage 1,Round Robin,Cassidy,1
EMEA - Stage 1,Upper Semifinals,Baptiste,1
EMEA - Stage 1,Upper Semifinals,Sojourn,1
EMEA - Stage 1,Upper Semifinals,Hazard,1
EMEA - Stage 1,Upper Semifinals,Wuyang,1
EMEA - Stage 1,Lower Semifinals,Mauga,1
EMEA - Stage 1,Lower Semifinals,Sigma,1
EMEA - Stage 1,Lower Semifinals,Jetpack Cat,1
EMEA - Stage 1,Lower Semifinals,D.Va,1
EMEA - Stage 1,Lower Semifinals,Hazard,1
EMEA - Stage 1,Upper Finals,Widowmaker,1
EMEA - Stage 1,Upper Finals,Sigma,1
EMEA - Stage 1,Upper Finals,Baptiste,1
EMEA - Stage 1,Upper Finals,Illari,1
EMEA - Stage 1,Upper Finals,Sojourn,1
EMEA - Stage 1,Upper Finals,Symmetra,1
EMEA - Stage 1,Lower Finals,D.Va,1
EMEA - Stage 1,Lower Finals,Juno,1
EMEA - Stage 1,Lower Finals,Bastion,1
EMEA - Stage 1,Lower Finals,Cassidy,1
EMEA - Stage 1,Lower Finals,Wrecking Ball,1
EMEA - Stage 1,Lower Finals,Ana,1
EMEA - Stage 1,Lower Finals,Brigitte,1
EMEA - Stage 1,Grand Finals,Sojourn,1
EMEA - Stage 1,Grand Finals,Wrecking Ball,1
EMEA - Stage 1,Grand Finals,Ana,1
EMEA - Stage 1,Grand Finals,Symmetra,1
EMEA - Stage 1,Grand Finals,Baptiste,1
North America - Stage 1,Round Robin,Soldier: 76,1
North America - Stage 1,Round Robin,Bastion,1
North America - Stage 1,Round Robin,Torbjörn,1
North America - Stage 1,Round Robin,Junkrat,1
North America - Stage 1,Round Robin,Anran,1
North America - Stage 1,Round Robin,Roadhog,1
North America - Stage 1,Upper Semifinals,Pharah,1
North America - Stage 1,Upper Semifinals,Ashe,1
North America - Stage 1,Upper Semifinals,Winston,1
North America - Stage 1,Upper Semifinals,Ana,1
North America - Stage 1,Upper Semifinals,Reaper,1
North America - Stage 1,Upper Semifinals,Doomfist,1
North America - Stage 1,Upper Semifinals,Zenyatta,1
North America - Stage 1,Upper Semifinals,Venture,1
North America - Stage 1,Upper Semifinals,Bastion,1
North America - Stage 1,Upper Semifinals,Mauga,1
North America - Stage 1,Upper Semifinals,Reinhardt,1
North America - Stage 1,Upper Semifinals,Illari,1
North America - Stage 1,Lower Semifinals,Freja,1
North America - Stage 1,Lower Semifinals,Lúcio,1
North America - Stage 1,Lower Semifinals,Widowmaker,1
North America - Stage 1,Lower Semifinals,Cassidy,1
North America - Stage 1,Lower Semifinals,Venture,1
North America - Stage 1,Lower Semifinals,Genji,1
North America - Stage 1,Lower Semifinals,Domina,1
North America - Stage 1,Lower Semifinals,Wrecking Ball,1
North America - Stage 1,Lower Semifinals,Illari,1
North America - Stage 1,Upper Finals,Echo,1
North America - Stage 1,Upper Finals,Mei,1
North America - Stage 1,Upper Finals,Vendetta,1
North America - Stage 1,Upper Finals,Reinhardt,1
North America - Stage 1,Upper Finals,Hanzo,1
North America - Stage 1,Upper Finals,Orisa,1
North America - Stage 1,Upper Finals,Hazard,1
North America - Stage 1,Grand Finals,Hanzo,1
North America - Stage 1,Grand Finals,Wrecking Ball,1
North America - Stage 1,Grand Finals,Sigma,1
North America - Stage 1,Grand Finals,Wuyang,1
North America - Stage 1,Grand Finals,Doomfist,1
North America - Stage 1,Grand Finals,Mauga,1
North America - Stage 1,Grand Finals,Baptiste,1
Pacific - Stage 1,Round Robin,Moira,1
Pacific - Stage 1,Round Robin,Roadhog,1
Pacific - Stage 1,Round Robin,Sierra,1
Pacific - Stage 1,Round Robin,Sigma,1
