player_name,hero_name,matches_played,wins,losses,win_rate
Fielder,Kiriko,44,26,18,0.5909
Recall,Kiriko,38,23,15,0.6053
Vigilante,Kiriko,36,24,12,0.6667
iRONY,Kiriko,36,16,20,0.4444
Kevster,Emre,34,20,14,0.5882
ChiYo,Lúcio,34,20,14,0.5882
HeeSang,Tracer,34,19,15,0.5588
Landon,Kiriko,31,20,11,0.6452
Lengsa,Lúcio,31,20,11,0.6452
Mmonk,Kiriko,31,18,13,0.5806
KILO,Emre,31,17,14,0.5484
OPENER,Lúcio,30,14,16,0.4667
Admiral,Lúcio,30,14,16,0.4667
Simple,Kiriko,29,26,3,0.8966
Bliss,Lúcio,29,20,9,0.6897
skewed,Kiriko,29,19,10,0.6552
ZIYAD,Zarya,29,14,15,0.4828
Quartz,Emre,28,27,1,0.9643
FunnyAstro,Lúcio,28,25,3,0.8929
MAKA,Kiriko,28,22,6,0.7857
Ezhan,Emre,28,20,8,0.7143
FiXa,Lúcio,28,18,10,0.6429
Kaneki,Tracer,28,17,11,0.6071
D4IJIN,Kiriko,28,12,16,0.4286
LBBD7,Emre,28,12,16,0.4286
FiNN,Kiriko,28,12,16,0.4286
Diya,Kiriko,28,9,19,0.3214
Argon,Tracer,28,6,22,0.2143
Proper,Tracer,27,22,5,0.8148
Lethal,Emre,27,14,13,0.5185
KIVIS,Kiriko,27,11,16,0.4074
Noy,Kiriko,27,10,17,0.3704
Checkmate,Symmetra,26,14,12,0.5385
MewTwo,Lúcio,26,14,12,0.5385
UltraViolet,Kiriko,26,13,13,0.5
SORI,Emre,26,10,16,0.3846
Fielder,Juno,25,16,9,0.64
Soae,Symmetra,25,16,9,0.64
eisgnom,Zarya,25,14,11,0.56
HeeSang,Symmetra,25,13,12,0.52
Hawk,D.Va,25,13,12,0.52
SP1NT,Tracer,25,11,14,0.44
Haku,Lúcio,25,11,14,0.44
NICO,Emre,24,23,1,0.9583
LiGe,D.Va,24,17,7,0.7083
NewJ,Emre,24,16,8,0.6667
Ky0n,Cassidy,24,15,9,0.625
Pineapple,Emre,24,15,9,0.625
JAYA,Vendetta,24,11,13,0.4583
TR33,Emre,24,10,14,0.4167
Zeruhh,Tracer,24,9,15,0.375
Ade,Emre,24,9,15,0.375
JaeWoo,Tracer,23,20,3,0.8696
LeeSooMin,Lúcio,23,19,4,0.8261
Kronik,Sojourn,23,16,7,0.6957
SP1NT,Symmetra,23,15,8,0.6522
Recall,Juno,23,15,8,0.6522
Seicoe,Tracer,23,14,9,0.6087
Sugarfree,Tracer,23,11,12,0.4783
sara,Juno,23,10,13,0.4348
Littlemoon,Emre,23,8,15,0.3478
A1WAYS,Lúcio,23,8,15,0.3478
shu,Ana,22,20,2,0.9091
ATTACK,D.Va,22,13,9,0.5909
Hanbin,D.Va,22,12,10,0.5455
YangJun,Lúcio,22,9,13,0.4091
orca,Kiriko,22,8,14,0.3636
FDGod,Lúcio,22,6,16,0.2727
CARU,Kiriko,22,6,16,0.2727
TenTen,Lúcio,22,6,16,0.2727
Alphari,Tracer,21,15,6,0.7143
Sugarfree,Symmetra,21,14,7,0.6667
Lengsa,Jetpack Cat,21,10,11,0.4762
wh4le,Emre,21,6,15,0.2857
Seonjun,Tracer,20,15,5,0.75
Edison,Tracer,20,14,6,0.7
Alphari,Symmetra,20,14,6,0.7
Proud,Emre,20,13,7,0.65
Seicoe,Vendetta,20,13,7,0.65
Sakume,Kiriko,20,12,8,0.6
PGE,Emre,20,9,11,0.45
SirMajed,Kiriko,20,9,11,0.45
zzz,Kiriko,20,8,12,0.4
Xerion,Kiriko,20,6,14,0.3
Dip,Vendetta,20,5,15,0.25
KSG,D.Va,19,18,1,0.9474
Leave,Tracer,19,16,3,0.8421
Ch0r0ng,Lúcio,19,12,7,0.6316
KILO,Sojourn,19,11,8,0.5789
BABAYAGA,Vendetta,19,10,9,0.5263
Escanor,Kiriko,19,10,9,0.5263
Vega,Lúcio,19,8,11,0.4211
AlphaYi,Tracer,19,8,11,0.4211
NenWhy,Lúcio,19,8,11,0.4211
APDO,Vendetta,19,7,12,0.3684
Supreme,Lúcio,19,4,15,0.2105
epic,Lúcio,19,3,16,0.1579
Leave,Symmetra,18,17,1,0.9444
knife,Emre,18,15,3,0.8333
Checkmate,Vendetta,18,13,5,0.7222
Edison,Vendetta,18,13,5,0.7222
Gaisen,Kiriko,18,13,5,0.7222
ZEST,Vendetta,18,11,7,0.6111
CH0R0NG,Lúcio,18,10,8,0.5556
Proud,Sojourn,18,9,9,0.5
homerunball,D.Va,18,8,10,0.4444
Daisy,Emre,18,8,10,0.4444
wh4le,Sojourn,18,8,10,0.4444
ICHI,Winston,18,7,11,0.3889
prot3ct,D.Va,18,7,11,0.3889
Lateyoung,D.Va,18,6,12,0.3333
JAYA,Tracer,18,6,12,0.3333
M1NUT2,Emre,18,5,13,0.2778
ATTACK,Zarya,18,5,13,0.2778
Mihawk,Kiriko,18,3,15,0.1667
Zorrow,Emre,18,2,16,0.1111
WoochaN,Kiriko,18,2,16,0.1111
JaeWoo,Vendetta,17,16,1,0.9412
TVNT,Zarya,17,16,1,0.9412
Kaneki,Symmetra,17,11,6,0.6471
Ezhan,Widowmaker,17,11,6,0.6471
NEIVIS,Lúcio,17,10,7,0.5882
Kellan,Winston,17,10,7,0.5882
prot3ct,Zarya,17,8,9,0.4706
Galaa,Lúcio,17,8,9,0.4706
Ky0n,Emre,17,7,10,0.4118
LiGe,Mauga,17,7,10,0.4118
AlphaYi,Vendetta,17,7,10,0.4118
Yoko,Tracer,17,7,10,0.4118
Vestola,Zarya,17,6,11,0.3529
Coldj,Lúcio,17,5,12,0.2941
sara,Kiriko,17,4,13,0.2353
Khenail,Kiriko,17,4,13,0.2353
xomba,Tracer,17,4,13,0.2353
PKFishy,Tracer,17,4,13,0.2353
ans,Cassidy,17,2,15,0.1176
ta1yo,Symmetra,17,1,16,0.0588
Faith,Lúcio,17,1,16,0.0588
TOPDRAGON,Tracer,16,15,1,0.9375
TVNT,D.Va,16,14,2,0.875
Cjay,Kiriko,16,12,4,0.75
STALK3R,Emre,16,11,5,0.6875
ChiYo,Jetpack Cat,16,9,7,0.5625
Lateyoung,Orisa,16,9,7,0.5625
Lep,Lúcio,16,8,8,0.5
Checkmate,Tracer,16,8,8,0.5
SP1NT,Vendetta,16,8,8,0.5
Belosrea,D.Va,16,8,8,0.5
Taejong,Vendetta,16,8,8,0.5
Diya,Juno,16,7,9,0.4375
Hawk,Zarya,16,7,9,0.4375
Scyle,Kiriko,16,6,10,0.375
NHZ,Brigitte,16,6,10,0.375
umi,Juno,16,6,10,0.375
Becky,Vendetta,16,6,10,0.375
Coldj,Brigitte,16,6,10,0.375
Roxy,Zarya,16,5,11,0.3125
Proper,Symmetra,15,14,1,0.9333
Simple,Juno,15,13,2,0.8667
Viol2t,Illari,15,13,2,0.8667
Viol2t,Jetpack Cat,15,13,2,0.8667
Gaisen,Juno,15,12,3,0.8
knife,Sojourn,15,12,3,0.8
Ydot,Lúcio,15,11,4,0.7333
ZEST,Tracer,15,11,4,0.7333
MER1T,Emre,15,10,5,0.6667
shu,Kiriko,15,10,5,0.6667
HRY,Tracer,15,9,6,0.6
HEISER,D.Va,15,9,6,0.6
UltraViolet,Juno,15,9,6,0.6
Becky,Tracer,15,8,7,0.5333
Pineapple,Sojourn,15,8,7,0.5333
Vigilante,Ana,15,7,8,0.4667
DOX,Ramattra,15,6,9,0.4
Tred,D.Va,15,5,10,0.3333
Vega,Brigitte,15,5,10,0.3333
Ryan,Tracer,15,5,10,0.3333
sniper,D.Va,15,5,10,0.3333
Rokit,Tracer,15,4,11,0.2667
Dip,Tracer,15,4,11,0.2667
crispy,Lúcio,15,3,12,0.2
Breadturtle,Tracer,15,2,13,0.1333
D4RT,Tracer,15,2,13,0.1333
D0D0,Tracer,15,0,15,0.0
QLOUD,Kiriko,14,13,1,0.9286
Leave,Vendetta,14,12,2,0.8571
MAKA,Juno,14,12,2,0.8571
Vigilante,Juno,14,11,3,0.7857
LeeSooMin,Jetpack Cat,14,11,3,0.7857
MAKA,Ana,14,11,3,0.7857
Ch0r0ng,Jetpack Cat,14,10,4,0.7143
brysonbtw,Reaper,14,8,6,0.5714
Supreme,Ana,14,7,7,0.5
Heesung,D.Va,14,7,7,0.5
A1IEN,Sojourn,14,7,7,0.5
APDO,Tracer,14,6,8,0.4286
Zorrow,Sojourn,14,5,9,0.3571
Zeruhh,Vendetta,14,5,9,0.3571
Zeruhh,Symmetra,14,5,9,0.3571
Setsuna,Sojourn,14,5,9,0.3571
mint,Lúcio,14,4,10,0.2857
WoochaN,Ana,14,4,10,0.2857
Lateyoung,Zarya,14,4,10,0.2857
Escanor,Juno,14,4,10,0.2857
Elva,Tracer,14,3,11,0.2143
kiibo,Brigitte,14,2,12,0.1429
ta1yo,Tracer,14,1,13,0.0714
perr,Emre,14,0,14,0.0
TOPDRAGON,Symmetra,13,13,0,1.0
SLEY,Jetpack Cat,13,13,0,1.0
TOPDRAGON,Vendetta,13,11,2,0.8462
Seonjun,Symmetra,13,10,3,0.7692
Kellan,Wrecking Ball,13,10,3,0.7692
Yoshinori2k,Tracer,13,10,3,0.7692
JunBin,D.Va,13,9,4,0.6923
Recall,Ana,13,9,4,0.6923
Cjay,Ana,13,9,4,0.6923
skewed,Juno,13,7,6,0.5385
MER1T,Sojourn,13,6,7,0.4615
eisgnom,D.Va,13,6,7,0.4615
TKL,Sojourn,13,6,7,0.4615
Rokit,Vendetta,13,5,8,0.3846
TR33,Sojourn,13,5,8,0.3846
Roxy,D.Va,13,5,8,0.3846
Eileen,Mei,13,5,8,0.3846
AlphaYi,Symmetra,13,5,8,0.3846
ICHI,D.Va,13,4,9,0.3077
Zeb,Orisa,13,4,9,0.3077
Huntin,Kiriko,13,4,9,0.3077
Remedy,Kiriko,13,3,10,0.2308
Kai,Emre,13,3,10,0.2308
scuffed,Kiriko,13,3,10,0.2308
Pugz,Lúcio,13,3,10,0.2308
Willys,Zarya,13,2,11,0.1538
Argon,Symmetra,13,2,11,0.1538
BABAYAGA,Tracer,13,2,11,0.1538
MSCG,Kiriko,13,2,11,0.1538
kiibo,Lúcio,13,1,12,0.0769
Xerion,Juno,13,1,12,0.0769
QLOUD,Ana,12,12,0,1.0
KSG,Hazard,12,12,0,1.0
Alphari,Vendetta,12,9,3,0.75
shy,Emre,12,9,3,0.75
HeeSang,Vendetta,12,8,4,0.6667
OPENER,Brigitte,12,8,4,0.6667
Belosrea,Wrecking Ball,12,8,4,0.6667
Lengsa,Brigitte,12,8,4,0.6667
Belosrea,Hazard,12,8,4,0.6667
Despair,D.Va,12,8,4,0.6667
NewJ,Sojourn,12,7,5,0.5833
Edison,Symmetra,12,7,5,0.5833
MAX,D.Va,12,7,5,0.5833
Viol2t,Lúcio,12,7,5,0.5833
SP1NT,Pharah,12,7,5,0.5833
ZEST,Symmetra,12,7,5,0.5833
Mmonk,Ana,12,6,6,0.5
Yot1y,Vendetta,12,5,7,0.4167
D4RT,Vendetta,12,5,7,0.4167
Littlemoon,Sojourn,12,5,7,0.4167
TCC,Lúcio,12,5,7,0.4167
xten,Sojourn,12,5,7,0.4167
HEISER,Zarya,12,4,8,0.3333
Hypnos,Lúcio,12,4,8,0.3333
Infekted,Orisa,12,4,8,0.3333
Grapes,Lúcio,12,4,8,0.3333
PEPPI,D.Va,12,2,10,0.1667
pav2l,Sojourn,12,0,12,0.0
PEPPI,Sigma,12,0,12,0.0
HeeSang,Pharah,11,10,1,0.9091
Lukemino,Brigitte,11,9,2,0.8182
UYOU,Wrecking Ball,11,9,2,0.8182
Quartz,Sojourn,11,8,3,0.7273
Lukemino,Illari,11,8,3,0.7273
Despair,Zarya,11,8,3,0.7273
Ackyy,Kiriko,11,8,3,0.7273
TR33,Widowmaker,11,7,4,0.6364
homerunball,Orisa,11,7,4,0.6364
FiXa,Brigitte,11,7,4,0.6364
MER1T,Cassidy,11,6,5,0.5455
knife,Symmetra,11,6,5,0.5455
Jasm1ne,Zarya,11,6,5,0.5455
Landon,Juno,11,6,5,0.5455
Lethal,Cassidy,11,6,5,0.5455
KIVIS,Juno,11,5,6,0.4545
Kaneki,Vendetta,11,5,6,0.4545
Belosrea,Winston,11,5,6,0.4545
feiyang,Ramattra,11,5,6,0.4545
STALK3R,Sojourn,11,4,7,0.3636
A1IEN,Emre,11,4,7,0.3636
Taimouren,Sojourn,11,4,7,0.3636
Gur3um,Zarya,11,3,8,0.2727
feiyang,Zarya,11,3,8,0.2727
Taejong,Symmetra,11,3,8,0.2727
WMaimone,Tracer,11,3,8,0.2727
xten,Emre,11,3,8,0.2727
Sunset,Sojourn,11,3,8,0.2727
Beeple,Lúcio,11,3,8,0.2727
APDO,Symmetra,11,2,9,0.1818
mint,Wuyang,11,2,9,0.1818
ta1yo,Mei,11,2,9,0.1818
Elysia,Juno,11,2,9,0.1818
Taimouren,Emre,11,2,9,0.1818
Lilko,Vendetta,11,2,9,0.1818
Remedy,Juno,11,2,9,0.1818
Taejong,Tracer,11,2,9,0.1818
Galaa,Juno,11,2,9,0.1818
Regr3t,Emre,11,2,9,0.1818
Breadturtle,Vendetta,11,1,10,0.0909
pav2l,Emre,11,1,10,0.0909
HEISER,Doomfist,11,1,10,0.0909
skyshow,Tracer,11,1,10,0.0909
Elysia,Kiriko,11,0,11,0.0
perr,Sojourn,11,0,11,0.0
SLEY,Wuyang,10,10,0,1.0
SLEY,Illari,10,10,0,1.0
Yoshinori2k,Symmetra,10,9,1,0.9
Shy,Sojourn,10,8,2,0.8
Leave,Pharah,10,8,2,0.8
guxue,Mauga,10,8,2,0.8
Kronik,Cassidy,10,8,2,0.8
Hyvision,Emre,10,8,2,0.8
Punk,D.Va,10,8,2,0.8
wntr,Lúcio,10,8,2,0.8
FiXa,Jetpack Cat,10,7,3,0.7
Ydot,Brigitte,10,7,3,0.7
ATTACK,Hazard,10,7,3,0.7
LiGe,Zarya,10,7,3,0.7
Littlemoon,Symmetra,10,7,3,0.7
Zephyr,Tracer,10,7,3,0.7
FEI,Illari,10,7,3,0.7
Infekted,Wrecking Ball,10,6,4,0.6
ChiYo,Brigitte,10,6,4,0.6
Heesung,Zarya,10,6,4,0.6
Ezhan,Bastion,10,6,4,0.6
Lukemino,Lúcio,10,6,4,0.6
LIP,Sojourn,10,5,5,0.5
Hanbin,Zarya,10,5,5,0.5
Ydot,Wuyang,10,5,5,0.5
xomba,Vendetta,10,5,5,0.5
Becky,Symmetra,10,4,6,0.4
Pineapple,Bastion,10,4,6,0.4
Taejong,Pharah,10,4,6,0.4
Lethal,Sojourn,10,4,6,0.4
PGE,Cassidy,10,3,7,0.3
Tred,Ramattra,10,3,7,0.3
SORI,Cassidy,10,3,7,0.3
D4IJIN,Juno,10,3,7,0.3
Taimouren,Cassidy,10,3,7,0.3
feiyang,Sigma,10,3,7,0.3
ZIYAD,D.Va,10,3,7,0.3
Rokit,Symmetra,10,3,7,0.3
pdk,Sojourn,10,3,7,0.3
xomba,Symmetra,10,3,7,0.3
Yoko,Symmetra,10,3,7,0.3
Exrai,Kiriko,10,3,7,0.3
Setsuna,Cassidy,10,2,8,0.2
ICHI,Hazard,10,2,8,0.2
Eileen,Vendetta,10,2,8,0.2
Taimouren,Symmetra,10,2,8,0.2
Kairen,D.Va,10,2,8,0.2
Willys,D.Va,10,1,9,0.1
Breadturtle,Symmetra,10,1,9,0.1
Gur3um,Hazard,10,1,9,0.1
Unkn0w,Lúcio,10,1,9,0.1
Saya,Brigitte,10,1,9,0.1
JAYA,Symmetra,10,1,9,0.1
Scorch,D.Va,10,1,9,0.1
Mihawk,Baptiste,10,0,10,0.0
FunnyAstro,Juno,9,9,0,1.0
JunBin,Zarya,9,8,1,0.8889
guxue,Zarya,9,8,1,0.8889
Heesung,Hazard,9,7,2,0.7778
shu,Juno,9,7,2,0.7778
shy,Sojourn,9,7,2,0.7778
Cjay,Juno,9,7,2,0.7778
Tom4to,Kiriko,9,7,2,0.7778
sgy,Tracer,9,7,2,0.7778
ChiYo,Juno,9,6,3,0.6667
BERNAR,D.Va,9,6,3,0.6667
Admiral,Brigitte,9,6,3,0.6667
PGE,Sojourn,9,5,4,0.5556
Hanbin,Domina,9,5,4,0.5556
Seonjun,Vendetta,9,5,4,0.5556
Lukemino,Kiriko,9,5,4,0.5556
skewed,Ana,9,5,4,0.5556
Soae,Vendetta,9,5,4,0.5556
STALK3R,Vendetta,9,5,4,0.5556
HEISER,Hazard,9,5,4,0.5556
iRONY,Ana,9,5,4,0.5556
Ezhan,Cassidy,9,5,4,0.5556
MewTwo,Brigitte,9,5,4,0.5556
MewTwo,Jetpack Cat,9,5,4,0.5556
Seicoe,Symmetra,9,5,4,0.5556
scuffed,Juno,9,5,4,0.5556
Sugarfree,Vendetta,9,5,4,0.5556
Supreme,Wuyang,9,4,5,0.4444
A1WAYS,Wuyang,9,4,5,0.4444
zzz,Juno,9,4,5,0.4444
Ky0n,Tracer,9,3,6,0.3333
pav2l,Cassidy,9,3,6,0.3333
PEPPI,Ramattra,9,3,6,0.3333
Faith,Jetpack Cat,9,3,6,0.3333
9TRIBEZ,Zarya,9,3,6,0.3333
Lethal,Widowmaker,9,3,6,0.3333
Ryan,Symmetra,9,3,6,0.3333
Scorch,Winston,9,3,6,0.3333
Scyle,Juno,9,2,7,0.2222
Faith,Brigitte,9,2,7,0.2222
fari,Sojourn,9,2,7,0.2222
DOX,Orisa,9,1,8,0.1111
Supreme,Brigitte,9,1,8,0.1111
WMaimone,Vendetta,9,1,8,0.1111
Sunset,Emre,9,1,8,0.1111
ans,Bastion,9,0,9,0.0
D0D0,Vendetta,9,0,9,0.0
SoLA,D.Va,9,0,9,0.0
MCD,Ana,9,0,9,0.0
Secret,Kiriko,9,0,9,0.0
Secret,Brigitte,9,0,9,0.0
Proud,Symmetra,8,8,0,1.0
Shy,Emre,8,7,1,0.875
Heesung,Orisa,8,7,1,0.875
STALK3R,Tracer,8,7,1,0.875
knife,Cassidy,8,7,1,0.875
LeeSooMin,Brigitte,8,7,1,0.875
guxue,Hazard,8,7,1,0.875
Lukemino,Wuyang,8,7,1,0.875
Kronik,Emre,8,6,2,0.75
Kronik,Widowmaker,8,6,2,0.75
NEIVIS,Kiriko,8,6,2,0.75
Mealgaru,Wrecking Ball,8,6,2,0.75
Bliss,Wuyang,8,5,3,0.625
Infekted,D.Va,8,5,3,0.625
Vestola,D.Va,8,5,3,0.625
Huntin,Ana,8,5,3,0.625
Lukemino,Jetpack Cat,8,4,4,0.5
M1NUT2,Symmetra,8,4,4,0.5
Jasm1ne,D.Va,8,4,4,0.5
Ezhan,Sojourn,8,4,4,0.5
MewTwo,Wuyang,8,4,4,0.5
Insane,Tracer,8,4,4,0.5
ZIYAD,Wrecking Ball,8,4,4,0.5
Haku,Juno,8,4,4,0.5
FiNN,Juno,8,4,4,0.5
Tom4to,Ana,8,4,4,0.5
TKL,Emre,8,4,4,0.5
Yot1y,Symmetra,8,3,5,0.375
SORI,Tracer,8,3,5,0.375
HRY,Vendetta,8,3,5,0.375
mint,Brigitte,8,3,5,0.375
SeungAn,Winston,8,3,5,0.375
wh4le,Symmetra,8,3,5,0.375
Belosrea,Ramattra,8,3,5,0.375
Infekted,Mauga,8,3,5,0.375
Elva,Symmetra,8,3,5,0.375
TKL,Cassidy,8,3,5,0.375
ans,Widowmaker,8,2,6,0.25
Vosa1q,Ramattra,8,2,6,0.25
SeungAn,D.Va,8,2,6,0.25
CARU,Juno,8,2,6,0.25
Eileen,Symmetra,8,2,6,0.25
Lilko,Tracer,8,2,6,0.25
Belosrea,Doomfist,8,2,6,0.25
wh4le,Cassidy,8,2,6,0.25
pdk,Emre,8,2,6,0.25
FEI,Kiriko,8,2,6,0.25
Regr3t,Sojourn,8,2,6,0.25
Scorch,Zarya,8,2,6,0.25
Yot1y,Tracer,8,1,7,0.125
Vosa1q,D.Va,8,1,7,0.125
M1NUT2,Sojourn,8,1,7,0.125
ZeSin,Sojourn,8,1,7,0.125
M1NUT2,Widowmaker,8,1,7,0.125
feiyang,D.Va,8,1,7,0.125
Wangming,Vendetta,8,1,7,0.125
Willys,Hazard,8,1,7,0.125
FDGod,Brigitte,8,1,7,0.125
NenWhy,Brigitte,8,1,7,0.125
harutoon,Tracer,8,0,8,0.0
D0D0,Genji,8,0,8,0.0
D4RT,Symmetra,8,0,8,0.0
Hyunjae,Lúcio,8,0,8,0.0
JaeWoo,Pharah,7,7,0,1.0
TOPDRAGON,Echo,7,7,0,1.0
KSG,Orisa,7,7,0,1.0
Colourhex,Emre,7,7,0,1.0
LeeSooMin,Kiriko,7,6,1,0.8571
knife,Mei,7,6,1,0.8571
Proper,Pharah,7,6,1,0.8571
knife,Bastion,7,6,1,0.8571
KSG,Zarya,7,5,2,0.7143
Infekted,Domina,7,5,2,0.7143
Proper,Vendetta,7,5,2,0.7143
SP1NT,Genji,7,5,2,0.7143
Proper,Echo,7,5,2,0.7143
JunBin,Mauga,7,5,2,0.7143
STALK3R,Bastion,7,5,2,0.7143
shy,Bastion,7,5,2,0.7143
Seicoe,Pharah,7,5,2,0.7143
PaLee,Juno,7,5,2,0.7143
Lukemino,Ana,7,4,3,0.5714
eisgnom,Domina,7,4,3,0.5714
Zeruhh,Genji,7,4,3,0.5714
HRY,Symmetra,7,4,3,0.5714
A1IEN,Bastion,7,4,3,0.5714
Mer1t,Emre,7,4,3,0.5714
OPENER,Wuyang,7,4,3,0.5714
Recall,Baptiste,7,4,3,0.5714
Coldj,Kiriko,7,4,3,0.5714
Kevster,Widowmaker,7,4,3,0.5714
AlphaYi,Pharah,7,4,3,0.5714
amdp,Mauga,7,4,3,0.5714
Seonjun,Pharah,7,4,3,0.5714
PGE,Widowmaker,7,3,4,0.4286
Seonjun,Genji,7,3,4,0.4286
Gaisen,Ana,7,3,4,0.4286
Viol2t,Brigitte,7,3,4,0.4286
Mer1t,Sojourn,7,3,4,0.4286
SirMajed,Juno,7,3,4,0.4286
TR33,Cassidy,7,3,4,0.4286
Zeb,Zarya,7,3,4,0.4286
Lumi,D.Va,7,3,4,0.4286
Vega,Kiriko,7,2,5,0.2857
Supreme,Jetpack Cat,7,2,5,0.2857
Ezhan,Tracer,7,2,5,0.2857
Coldj,Illari,7,2,5,0.2857
SirMajed,Brigitte,7,2,5,0.2857
Kai,Sojourn,7,2,5,0.2857
Willys,Mauga,7,2,5,0.2857
FDGod,Jetpack Cat,7,1,6,0.1429
Daisy,Sojourn,7,1,6,0.1429
ZeSin,Emre,7,1,6,0.1429
WoochaN,Lúcio,7,1,6,0.1429
Wangming,Symmetra,7,1,6,0.1429
Noy,Juno,7,1,6,0.1429
Ade,Sojourn,7,1,6,0.1429
PKFishy,Vendetta,7,1,6,0.1429
kiibo,Kiriko,7,0,7,0.0
ICHI,Zarya,7,0,7,0.0
Argon,Vendetta,7,0,7,0.0
D0D0,Symmetra,7,0,7,0.0
WoochaN,Juno,7,0,7,0.0
FARMER,Zarya,7,0,7,0.0
Limbo,Doomfist,7,0,7,0.0
SINCE,Kiriko,7,0,7,0.0
Vestola,Mauga,7,0,7,0.0
STALK3R,Symmetra,6,6,0,1.0
JunBin,Ramattra,6,6,0,1.0
SUNZO,Zarya,6,6,0,1.0
guxue,Winston,6,6,0,1.0
Bliss,Jetpack Cat,6,5,1,0.8333
LeeSooMin,Illari,6,5,1,0.8333
Ch0r0ng,Brigitte,6,5,1,0.8333
Sakume,Illari,6,5,1,0.8333
SOMEONE,Zarya,6,5,1,0.8333
Mealgaru,Zarya,6,5,1,0.8333
Pineapple,Widowmaker,6,5,1,0.8333
PaLee,Brigitte,6,5,1,0.8333
brysonbtw,Symmetra,6,5,1,0.8333
sgy,Symmetra,6,5,1,0.8333
Beeple,Kiriko,6,5,1,0.8333
HRY,Echo,6,4,2,0.6667
NEIVIS,Baptiste,6,4,2,0.6667
Edison,Genji,6,4,2,0.6667
Gur3um,D.Va,6,4,2,0.6667
BERNAR,Orisa,6,4,2,0.6667
shu,Baptiste,6,4,2,0.6667
Becky,Pharah,6,4,2,0.6667
Mealgaru,Winston,6,4,2,0.6667
Mealgaru,D.Va,6,4,2,0.6667
DONGHAK,Wrecking Ball,6,4,2,0.6667
Kellan,D.Va,6,4,2,0.6667
Kellan,Ramattra,6,4,2,0.6667
Zeruhh,Pharah,6,4,2,0.6667
Hawk,Orisa,6,4,2,0.6667
brysonbtw,Echo,6,4,2,0.6667
Tred,Zarya,6,3,3,0.5
DONGHAK,Domina,6,3,3,0.5
Kevster,Sojourn,6,3,3,0.5
JunBin,Domina,6,3,3,0.5
Heesung,Wrecking Ball,6,3,3,0.5
Heesung,Winston,6,3,3,0.5
D4RT,Widowmaker,6,3,3,0.5
Checkmate,Pharah,6,3,3,0.5
JunBin,Wrecking Ball,6,3,3,0.5
CH0R0NG,Jetpack Cat,6,3,3,0.5
ZeSin,Bastion,6,3,3,0.5
Ezhan,Soldier: 76,6,3,3,0.5
Insane,Symmetra,6,3,3,0.5
LBBD7,Sojourn,6,3,3,0.5
Zephyr,Sojourn,6,3,3,0.5
Cjay,Lúcio,6,2,4,0.3333
DONGHAK,D.Va,6,2,4,0.3333
Rupal,Kiriko,6,2,4,0.3333
Edison,Echo,6,2,4,0.3333
Roxy,Hazard,6,2,4,0.3333
Setsuna,Emre,6,2,4,0.3333
Setsuna,Symmetra,6,2,4,0.3333
Daisy,Widowmaker,6,2,4,0.3333
ICHI,Wrecking Ball,6,2,4,0.3333
CARU,Ana,6,2,4,0.3333
TenTen,Jetpack Cat,6,2,4,0.3333
FiNN,Jetpack Cat,6,2,4,0.3333
FiNN,Brigitte,6,2,4,0.3333
Lep,Brigitte,6,2,4,0.3333
Hyunjae,Illari,6,2,4,0.3333
Lep,Jetpack Cat,6,1,5,0.1667
orca,Juno,6,1,5,0.1667
Setsuna,Widowmaker,6,1,5,0.1667
SORI,Sojourn,6,1,5,0.1667
Elysia,Ana,6,1,5,0.1667
orca,Ana,6,1,5,0.1667
Faith,Ana,6,1,5,0.1667
Argon,Pharah,6,1,5,0.1667
KILO,Bastion,6,1,5,0.1667
JAYA,Pharah,6,1,5,0.1667
Littlemoon,Widowmaker,6,1,5,0.1667
Limbo,Winston,6,1,5,0.1667
Taimouren,Tracer,6,1,5,0.1667
SirMajed,Illari,6,1,5,0.1667
HRY,Genji,6,1,5,0.1667
D4IJIN,Ana,6,1,5,0.1667
Regr3t,Genji,6,1,5,0.1667
Ezrai,Lúcio,6,1,5,0.1667
Pugz,Ana,6,1,5,0.1667
Willys,Wrecking Ball,6,0,6,0.0
epic,Kiriko,6,0,6,0.0
Vosa1q,Winston,6,0,6,0.0
Sakume,Juno,6,0,6,0.0
perr,Cassidy,6,0,6,0.0
perr,Widowmaker,6,0,6,0.0
FARMER,Hazard,6,0,6,0.0
MCD,Kiriko,6,0,6,0.0
BABAYAGA,Symmetra,6,0,6,0.0
Noy,Illari,6,0,6,0.0
Hypnos,Juno,6,0,6,0.0
prot3ct,Orisa,6,0,6,0.0
Tama,Zarya,6,0,6,0.0
Khenail,Juno,6,0,6,0.0
Sunset,Widowmaker,6,0,6,0.0
Kellan,Sigma,5,5,0,1.0
NICO,Symmetra,5,5,0,1.0
NICO,Cassidy,5,5,0,1.0
MAX,Zarya,5,5,0,1.0
Viol2t,Juno,5,5,0,1.0
Proper,Genji,5,5,0,1.0
PaLee,Kiriko,5,5,0,1.0
Yui,Baptiste,5,5,0,1.0
Yui,Illari,5,5,0,1.0
TVNT,Domina,5,4,1,0.8
Vega,Wuyang,5,4,1,0.8
JaeWoo,Widowmaker,5,4,1,0.8
NewJ,Widowmaker,5,4,1,0.8
BERNAR,Zarya,5,4,1,0.8
SOMEONE,D.Va,5,4,1,0.8
Yui,Mizuki,5,4,1,0.8
sgy,Anran,5,4,1,0.8
Ackyy,Ana,5,4,1,0.8
wntr,Illari,5,4,1,0.8
MAKA,Jetpack Cat,5,3,2,0.6
MAKA,Baptiste,5,3,2,0.6
Sakume,Mizuki,5,3,2,0.6
homerunball,Zarya,5,3,2,0.6
Sakume,Ana,5,3,2,0.6
Daisy,Symmetra,5,3,2,0.6
KIVIS,Ana,5,3,2,0.6
Hanbin,Ramattra,5,3,2,0.6
Belosrea,Orisa,5,3,2,0.6
LiGe,Reinhardt,5,3,2,0.6
sara,Baptiste,5,3,2,0.6
Galaa,Zenyatta,5,3,2,0.6
Hawk,Ramattra,5,3,2,0.6
UltraViolet,Wuyang,5,3,2,0.6
Zephyr,Emre,5,3,2,0.6
sgy,Vendetta,5,3,2,0.6
Zephyr,Cassidy,5,3,2,0.6
Nyang,Emre,5,3,2,0.6
MER1T,Widowmaker,5,2,3,0.4
TR33,Tracer,5,2,3,0.4
YangJun,Brigitte,5,2,3,0.4
TenTen,Wuyang,5,2,3,0.4
Probe,Emre,5,2,3,0.4
KILO,Widowmaker,5,2,3,0.4
Fielder,Ana,5,2,3,0.4
STALK3R,Genji,5,2,3,0.4
Mer1t,Bastion,5,2,3,0.4
Mmonk,Juno,5,2,3,0.4
JAYA,Reaper,5,2,3,0.4
Kevster,Tracer,5,2,3,0.4
Ade,Widowmaker,5,2,3,0.4
Kai,Widowmaker,5,2,3,0.4
Seonjun,Echo,5,2,3,0.4
xten,Reaper,5,2,3,0.4
Beeple,Mizuki,5,2,3,0.4
Pugz,Wuyang,5,2,3,0.4
Willys,Domina,5,1,4,0.2
Zorrow,Tracer,5,1,4,0.2
Elysia,Baptiste,5,1,4,0.2
ans,Emre,5,1,4,0.2
umi,Kiriko,5,1,4,0.2
ZeSin,Widowmaker,5,1,4,0.2
ZeSin,Cassidy,5,1,4,0.2
MAX,Winston,5,1,4,0.2
fari,Emre,5,1,4,0.2
9TRIBEZ,Hazard,5,1,4,0.2
feiyang,Doomfist,5,1,4,0.2
Kaneki,Pharah,5,1,4,0.2
eisgnom,Doomfist,5,1,4,0.2
Ade,Tracer,5,1,4,0.2
Ade,Vendetta,5,1,4,0.2
Hyunjae,Ana,5,1,4,0.2
PKFishy,Symmetra,5,1,4,0.2
Kairen,Orisa,5,1,4,0.2
Zesin,Genji,5,1,4,0.2
Wangming,Genji,5,1,4,0.2
SINCE,Lúcio,5,1,4,0.2
Saya,Ana,5,1,4,0.2
epic,Wuyang,5,0,5,0.0
DOX,Doomfist,5,0,5,0.0
NHZ,Lúcio,5,0,5,0.0
HEISER,Wrecking Ball,5,0,5,0.0
Yate,Lúcio,5,0,5,0.0
feiyang,Orisa,5,0,5,0.0
prot3ct,Junker Queen,5,0,5,0.0
WMaimone,Echo,5,0,5,0.0
Tama,Winston,5,0,5,0.0
Elva,Pharah,5,0,5,0.0
Elva,Echo,5,0,5,0.0
Kevster,Cassidy,4,4,0,1.0
Simple,Brigitte,4,4,0,1.0
NewJ,Symmetra,4,4,0,1.0
Edison,Widowmaker,4,4,0,1.0
Heesung,Mauga,4,4,0,1.0
knife,Widowmaker,4,4,0,1.0
Mealgaru,Mauga,4,4,0,1.0
Mealgaru,Doomfist,4,4,0,1.0
SUNZO,D.Va,4,4,0,1.0
Lukemino,Mercy,4,4,0,1.0
Ackyy,Juno,4,4,0,1.0
KSG,Ramattra,4,3,1,0.75
Vigilante,Mizuki,4,3,1,0.75
FunnyAstro,Jetpack Cat,4,3,1,0.75
Vega,Jetpack Cat,4,3,1,0.75
Edison,Pharah,4,3,1,0.75
Proper,Cassidy,4,3,1,0.75
ZEST,Echo,4,3,1,0.75
Mer1t,Symmetra,4,3,1,0.75
OPENER,Juno,4,3,1,0.75
knife,Sombra,4,3,1,0.75
MAKA,Lúcio,4,3,1,0.75
Vestola,Orisa,4,3,1,0.75
eisgnom,Mauga,4,3,1,0.75
Rokit,Venture,4,3,1,0.75
Zeb,Domina,4,3,1,0.75
Infekted,Winston,4,3,1,0.75
Hyvision,Sojourn,4,3,1,0.75
Yui,Ana,4,3,1,0.75
FEI,Brigitte,4,3,1,0.75
wntr,Jetpack Cat,4,3,1,0.75
Yui,Lúcio,4,3,1,0.75
Zephyr,Symmetra,4,3,1,0.75
Tred,Domina,4,2,2,0.5
Scyle,Baptiste,4,2,2,0.5
DONGHAK,Sigma,4,2,2,0.5
Ch0r0ng,Wuyang,4,2,2,0.5
Checkmate,Genji,4,2,2,0.5
D4IJIN,Mizuki,4,2,2,0.5
ICHI,Orisa,4,2,2,0.5
Heesung,Sigma,4,2,2,0.5
Ydot,Kiriko,4,2,2,0.5
STALK3R,Cassidy,4,2,2,0.5
Mer1t,Cassidy,4,2,2,0.5
knife,Tracer,4,2,2,0.5
ATTACK,Winston,4,2,2,0.5
JunBin,Hazard,4,2,2,0.5
iRONY,Juno,4,2,2,0.5
YangJun,Jetpack Cat,4,2,2,0.5
Unkn0w,Wuyang,4,2,2,0.5
Eileen,Sojourn,4,2,2,0.5
Hypnos,Kiriko,4,2,2,0.5
Pineapple,Cassidy,4,2,2,0.5
LiGe,Winston,4,2,2,0.5
Insane,Pharah,4,2,2,0.5
Alphari,Genji,4,2,2,0.5
Alphari,Reaper,4,2,2,0.5
FiNN,Ana,4,2,2,0.5
eisgnom,Hazard,4,2,2,0.5
SirMajed,Lúcio,4,2,2,0.5
Galaa,Ana,4,2,2,0.5
amdp,D.Va,4,2,2,0.5
crispy,Juno,4,2,2,0.5
Sugarfree,Pharah,4,2,2,0.5
Grapes,Wuyang,4,2,2,0.5
Sugarfree,Echo,4,2,2,0.5
UltraViolet,Baptiste,4,2,2,0.5
Vega,Illari,4,2,2,0.5
Hawk,Mauga,4,2,2,0.5
Admiral,Jetpack Cat,4,2,2,0.5
Yoshinori2k,Vendetta,4,2,2,0.5
Despair,Mauga,4,2,2,0.5
Xerion,Ana,4,1,3,0.25
skewed,Baptiste,4,1,3,0.25
Vigilante,Baptiste,4,1,3,0.25
Breadturtle,Mei,4,1,3,0.25
ans,Sojourn,4,1,3,0.25
Setsuna,Tracer,4,1,3,0.25
epic,Lifeweaver,4,1,3,0.25
NEIVIS,Brigitte,4,1,3,0.25
ICHI,Mauga,4,1,3,0.25
homerunball,Mauga,4,1,3,0.25
KILO,Symmetra,4,1,3,0.25
Yangjun,Lúcio,4,1,3,0.25
D4RT,Echo,4,1,3,0.25
Gur3um,Wrecking Ball,4,1,3,0.25
ATTACK,Doomfist,4,1,3,0.25
Fielder,Baptiste,4,1,3,0.25
D4RT,Pharah,4,1,3,0.25
Argon,Echo,4,1,3,0.25
ATTACK,Mauga,4,1,3,0.25
M1NUT2,Bastion,4,1,3,0.25
feiyang,Hazard,4,1,3,0.25
feiyang,Wrecking Ball,4,1,3,0.25
Ezhan,Symmetra,4,1,3,0.25
Diya,Ana,4,1,3,0.25
BABAYAGA,Pharah,4,1,3,0.25
Taejong,Widowmaker,4,1,3,0.25
Taejong,Genji,4,1,3,0.25
WMaimone,Pharah,4,1,3,0.25
amdp,Wrecking Ball,4,1,3,0.25
Lep,Juno,4,1,3,0.25
Escanor,Jetpack Cat,4,1,3,0.25
UltraViolet,Ana,4,1,3,0.25
Hawk,Doomfist,4,1,3,0.25
Akraken,Kiriko,4,1,3,0.25
jamorant,D.Va,4,1,3,0.25
Kronik,Tracer,4,1,3,0.25
Ky0n,Sojourn,4,0,4,0.0
PEPPI,Roadhog,4,0,4,0.0
PEPPI,Mauga,4,0,4,0.0
Yot1y,Emre,4,0,4,0.0
epic,Brigitte,4,0,4,0.0
Supreme,Juno,4,0,4,0.0
Vosa1q,Zarya,4,0,4,0.0
harutoon,Symmetra,4,0,4,0.0
Zesin,Sojourn,4,0,4,0.0
Zesin,Emre,4,0,4,0.0
SeungAn,Doomfist,4,0,4,0.0
MCD,Brigitte,4,0,4,0.0
Secret,Juno,4,0,4,0.0
SP1NT,Mei,4,0,4,0.0
Faith,Wuyang,4,0,4,0.0
Secret,Lúcio,4,0,4,0.0
FARMER,Winston,4,0,4,0.0
MCD,Zarya,4,0,4,0.0
Yate,Wrecking Ball,4,0,4,0.0
OPENER,Jetpack Cat,4,0,4,0.0
skyshow,Cassidy,4,0,4,0.0
A1WAYS,Baptiste,4,0,4,0.0
NenWhy,Jetpack Cat,4,0,4,0.0
Coluge,D.Va,4,0,4,0.0
xten,Freja,4,0,4,0.0
Scorch,Wrecking Ball,4,0,4,0.0
Elva,Hanzo,4,0,4,0.0
Hyunjae,Jetpack Cat,4,0,4,0.0
Simple,Ana,3,3,0,1.0
JaeWoo,Symmetra,3,3,0,1.0
KSG,Winston,3,3,0,1.0
KSG,Wrecking Ball,3,3,0,1.0
QLOUD,Baptiste,3,3,0,1.0
QLOUD,Jetpack Cat,3,3,0,1.0
NewJ,Tracer,3,3,0,1.0
SLEY,Kiriko,3,3,0,1.0
BERNAR,Winston,3,3,0,1.0
STALK3R,Widowmaker,3,3,0,1.0
ZEST,Pharah,3,3,0,1.0
BERNAR,Wrecking Ball,3,3,0,1.0
Proper,Widowmaker,3,3,0,1.0
MER1T,Bastion,3,3,0,1.0
MER1T,Symmetra,3,3,0,1.0
shu,Lúcio,3,3,0,1.0
DONGHAK,Hazard,3,3,0,1.0
DONGHAK,Mauga,3,3,0,1.0
Shy,Symmetra,3,3,0,1.0
Kaneki,Venture,3,3,0,1.0
Shy,Widowmaker,3,3,0,1.0
guxue,Doomfist,3,3,0,1.0
Leave,Reaper,3,3,0,1.0
Quartz,Widowmaker,3,3,0,1.0
Simple,Illari,3,3,0,1.0
Admiral,Kiriko,3,3,0,1.0
Cjay,Jetpack Cat,3,3,0,1.0
Hyvision,Widowmaker,3,3,0,1.0
PaLee,Lúcio,3,3,0,1.0
MER1T,Hanzo,3,2,1,0.6667
Checkmate,Anran,3,2,1,0.6667
Fielder,Mizuki,3,2,1,0.6667
Proud,Widowmaker,3,2,1,0.6667
Zest,Vendetta,3,2,1,0.6667
Seicoe,Echo,3,2,1,0.6667
HeeSang,Anran,3,2,1,0.6667
LIP,Emre,3,2,1,0.6667
LIP,Widowmaker,3,2,1,0.6667
LeeSooMin,Wuyang,3,2,1,0.6667
JaeWoo,Anran,3,2,1,0.6667
Simple,Mizuki,3,2,1,0.6667
DONGHAK,Zarya,3,2,1,0.6667
NICO,Sojourn,3,2,1,0.6667
homerunball,Wrecking Ball,3,2,1,0.6667
NEIVIS,Jetpack Cat,3,2,1,0.6667
QLOUD,Juno,3,2,1,0.6667
HeeSang,Genji,3,2,1,0.6667
HEISER,Orisa,3,2,1,0.6667
Jasm1ne,Wrecking Ball,3,2,1,0.6667
knife,Venture,3,2,1,0.6667
Proper,Mei,3,2,1,0.6667
HeeSang,Mei,3,2,1,0.6667
YangJun,Juno,3,2,1,0.6667
STALK3R,Reaper,3,2,1,0.6667
DONGHAK,Orisa,3,2,1,0.6667
Pineapple,Hanzo,3,2,1,0.6667
Leave,Genji,3,2,1,0.6667
Kaneki,Mei,3,2,1,0.6667
Mag,Wrecking Ball,3,2,1,0.6667
Leave,Sierra,3,2,1,0.6667
Ezhan,Reaper,3,2,1,0.6667
eisgnom,Wrecking Ball,3,2,1,0.6667
Kellan,Zarya,3,2,1,0.6667
Grapes,Brigitte,3,2,1,0.6667
Lukemino,Juno,3,2,1,0.6667
scuffed,Ana,3,2,1,0.6667
Lethal,Tracer,3,2,1,0.6667
Kronik,Ashe,3,2,1,0.6667
UYOU,D.Va,3,2,1,0.6667
Lumi,Winston,3,2,1,0.6667
Beeple,Baptiste,3,2,1,0.6667
Zorrow,Freja,3,1,2,0.3333
Cjay,Mizuki,3,1,2,0.3333
Insane,Cassidy,3,1,2,0.3333
LiGe,Ramattra,3,1,2,0.3333
Leave,Venture,3,1,2,0.3333
Checkmate,Mei,3,1,2,0.3333
Zeruhh,Echo,3,1,2,0.3333
Checkmate,Torbjörn,3,1,2,0.3333
Infekted,Sigma,3,1,2,0.3333
homerunball,Ramattra,3,1,2,0.3333
DOX,Winston,3,1,2,0.3333
umi,Ana,3,1,2,0.3333
Mihawk,Juno,3,1,2,0.3333
umi,Baptiste,3,1,2,0.3333
Mihawk,Mercy,3,1,2,0.3333
Ky0n,Echo,3,1,2,0.3333
Soae,Torbjörn,3,1,2,0.3333
NHZ,Wuyang,3,1,2,0.3333
mint,Juno,3,1,2,0.3333
Soae,Tracer,3,1,2,0.3333
MAX,Orisa,3,1,2,0.3333
A1IEN,Cassidy,3,1,2,0.3333
Becky,Mei,3,1,2,0.3333
HeeSang,Cassidy,3,1,2,0.3333
D4RT,Hanzo,3,1,2,0.3333
KILO,Cassidy,3,1,2,0.3333
ATTACK,Ramattra,3,1,2,0.3333
Mealgaru,Ramattra,3,1,2,0.3333
Fearful,D.Va,3,1,2,0.3333
SeungAn,Zarya,3,1,2,0.3333
SeungAn,Mauga,3,1,2,0.3333
Limbo,Hazard,3,1,2,0.3333
Belosrea,Sigma,3,1,2,0.3333
skyshow,Emre,3,1,2,0.3333
Alphari,Hanzo,3,1,2,0.3333
LiGe,Wrecking Ball,3,1,2,0.3333
wh4le,Tracer,3,1,2,0.3333
Coldj,Wuyang,3,1,2,0.3333
Diya,Illari,3,1,2,0.3333
LiGe,Sigma,3,1,2,0.3333
Diya,Emre,3,1,2,0.3333
Ezhan,Mei,3,1,2,0.3333
Lengsa,Mercy,3,1,2,0.3333
Kaneki,Reaper,3,1,2,0.3333
Insane,Bastion,3,1,2,0.3333
Vestola,Domina,3,1,2,0.3333
Dip,Symmetra,3,1,2,0.3333
FiNN,Wuyang,3,1,2,0.3333
Khenail,Brigitte,3,1,2,0.3333
Dip,Pharah,3,1,2,0.3333
PGE,Tracer,3,1,2,0.3333
Tred,Doomfist,3,1,2,0.3333
Hawk,Hazard,3,1,2,0.3333
Ryan,Vendetta,3,1,2,0.3333
Grapes,Jetpack Cat,3,1,2,0.3333
Sugarfree,Genji,3,1,2,0.3333
TR33,Vendetta,3,1,2,0.3333
Tom4to,Illari,3,1,2,0.3333
Tom4to,Mizuki,3,1,2,0.3333
Regr3t,Widowmaker,3,1,2,0.3333
jamorant,Winston,3,1,2,0.3333
Tom4to,Brigitte,3,1,2,0.3333
Dip,Genji,3,1,2,0.3333
Willys,Winston,3,1,2,0.3333
Recall,Lúcio,3,1,2,0.3333
Lengsa,Ana,3,1,2,0.3333
Vestola,Winston,3,1,2,0.3333
Tred,Wrecking Ball,3,0,3,0.0
Xerion,Baptiste,3,0,3,0.0
Xerion,Zenyatta,3,0,3,0.0
Kellan,Domina,3,0,3,0.0
Insane,Emre,3,0,3,0.0
LiGe,Domina,3,0,3,0.0
JunBin,Winston,3,0,3,0.0
Leonopteryx,Winston,3,0,3,0.0
epic,Jetpack Cat,3,0,3,0.0
Mihawk,Ana,3,0,3,0.0
smash,Kiriko,3,0,3,0.0
ans,Tracer,3,0,3,0.0
Mihawk,Illari,3,0,3,0.0
NHZ,Kiriko,3,0,3,0.0
SORI,Widowmaker,3,0,3,0.0
APDO,Echo,3,0,3,0.0
DOX,Reinhardt,3,0,3,0.0
epic,Juno,3,0,3,0.0
A1IEN,Genji,3,0,3,0.0
perr,Symmetra,3,0,3,0.0
Bliss,Brigitte,3,0,3,0.0
FARMER,Mauga,3,0,3,0.0
M1NUT2,Cassidy,3,0,3,0.0
MCD,Juno,3,0,3,0.0
FARMER,Sigma,3,0,3,0.0
Gur3um,Mauga,3,0,3,0.0
MCD,Orisa,3,0,3,0.0
Yate,Hazard,3,0,3,0.0
Taimouren,Ashe,3,0,3,0.0
skyshow,Sojourn,3,0,3,0.0
Saya,Wuyang,3,0,3,0.0
Pineapple,Tracer,3,0,3,0.0
BABAYAGA,Widowmaker,3,0,3,0.0
A1WAYS,Ana,3,0,3,0.0
Alphari,Mei,3,0,3,0.0
9TRIBEZ,Orisa,3,0,3,0.0
sara,Ana,3,0,3,0.0
Eileen,Pharah,3,0,3,0.0
feiyang,Mauga,3,0,3,0.0
Eileen,Cassidy,3,0,3,0.0
Hypnos,Illari,3,0,3,0.0
wh4le,Ashe,3,0,3,0.0
guxue,D.Va,3,0,3,0.0
Diya,Cassidy,3,0,3,0.0
Lateyoung,Hazard,3,0,3,0.0
Pineapple,Reaper,3,0,3,0.0
BABYAGA,Tracer,3,0,3,0.0
Pineapple,Genji,3,0,3,0.0
Dip,Widowmaker,3,0,3,0.0
Zeb,Doomfist,3,0,3,0.0
pdk,Cassidy,3,0,3,0.0
Coluge,Zarya,3,0,3,0.0
Regr3t,Sombra,3,0,3,0.0
Pugz,Brigitte,3,0,3,0.0
Beeple,Jetpack Cat,3,0,3,0.0
Kairen,Ramattra,3,0,3,0.0
Nyang,Sojourn,3,0,3,0.0
Punk,Ramattra,3,0,3,0.0
Scyle,Mizuki,2,2,0,1.0
HeeSang,Hanzo,2,2,0,1.0
HeeSang,Echo,2,2,0,1.0
Guxue,Sigma,2,2,0,1.0
TVNT,Wrecking Ball,2,2,0,1.0
FunnyAstro,Wuyang,2,2,0,1.0
Zeruhh,Anran,2,2,0,1.0
Rupal,Mizuki,2,2,0,1.0
Hanbin,Winston,2,2,0,1.0
JaeWoo,Genji,2,2,0,1.0
mint,Mizuki,2,2,0,1.0
HRY,Pharah,2,2,0,1.0
TOPDRAGON,Pharah,2,2,0,1.0
Ydot,Juno,2,2,0,1.0
KSG,Sigma,2,2,0,1.0
NICO,Vendetta,2,2,0,1.0
homerunball,Winston,2,2,0,1.0
Heesung,Doomfist,2,2,0,1.0
Ydot,Lifeweaver,2,2,0,1.0
homerunball,Hazard,2,2,0,1.0
CH0R0NG,Wuyang,2,2,0,1.0
Mer1t,Hanzo,2,2,0,1.0
iRONY,Jetpack Cat,2,2,0,1.0
BERNAR,Domina,2,2,0,1.0
Probe,Sojourn,2,2,0,1.0
STALK3R,Mei,2,2,0,1.0
Fielder,Lúcio,2,2,0,1.0
iRONY,Mercy,2,2,0,1.0
Jasm1ne,Doomfist,2,2,0,1.0
DONGHAK,Ramattra,2,2,0,1.0
DONGHAK,Roadhog,2,2,0,1.0
JunBin,Orisa,2,2,0,1.0
knife,Reaper,2,2,0,1.0
Proud,Bastion,2,2,0,1.0
LiGe,Orisa,2,2,0,1.0
Leave,Emre,2,2,0,1.0
Lengsa,Wuyang,2,2,0,1.0
Belosrea,Reinhardt,2,2,0,1.0
shy,Cassidy,2,2,0,1.0
Lengsa,Lifeweaver,2,2,0,1.0
Shy,Bastion,2,2,0,1.0
KSAA,Zarya,2,2,0,1.0
AlphaYi,Widowmaker,2,2,0,1.0
FunnyAstro,Mercy,2,2,0,1.0
TVNT,Sigma,2,2,0,1.0
Kronik,Symmetra,2,2,0,1.0
Kronik,Hanzo,2,2,0,1.0
Hawk,Sigma,2,2,0,1.0
Seonjun,Widowmaker,2,2,0,1.0
TR33,Venture,2,2,0,1.0
Hyvision,Cassidy,2,2,0,1.0
Yoshinori2k,Genji,2,2,0,1.0
Colourhex,Widowmaker,2,2,0,1.0
Punk,Zarya,2,2,0,1.0
Punk,Reinhardt,2,2,0,1.0
Yoshinori2k,Echo,2,2,0,1.0
Yoko,Cassidy,2,2,0,1.0
FEI,Lúcio,2,2,0,1.0
Colourhex,Cassidy,2,2,0,1.0
Colourhex,Vendetta,2,2,0,1.0
TKL,Ashe,2,2,0,1.0
UYOU,Hazard,2,2,0,1.0
Colourhex,Hazard,2,2,0,1.0
Colourhex,D.Va,2,2,0,1.0
FEI,Wuyang,2,2,0,1.0
FEI,Ana,2,2,0,1.0
TOPDRAGON,Anran,2,1,1,0.5
TOPDRAGON,Venture,2,1,1,0.5
ChiYo,Wuyang,2,1,1,0.5
Cjay,Illari,2,1,1,0.5
Zest,Anran,2,1,1,0.5
skewed,Mizuki,2,1,1,0.5
Seicoe,Anran,2,1,1,0.5
Landon,Mizuki,2,1,1,0.5
Landon,Baptiste,2,1,1,0.5
LIP,Ashe,2,1,1,0.5
JunBin,Sigma,2,1,1,0.5
Leave,Anran,2,1,1,0.5
Guxue,D.Va,2,1,1,0.5
Quartz,Tracer,2,1,1,0.5
Proud,Tracer,2,1,1,0.5
Infekted,Zarya,2,1,1,0.5
Rupal,Ana,2,1,1,0.5
Ch0r0ng,Kiriko,2,1,1,0.5
Leonopteryx,Reinhardt,2,1,1,0.5
Heesung,Ramattra,2,1,1,0.5
Heesung,Domina,2,1,1,0.5
Ky0n,Widowmaker,2,1,1,0.5
NHZ,Jetpack Cat,2,1,1,0.5
PEPPI,Doomfist,2,1,1,0.5
Roxy,Orisa,2,1,1,0.5
Roxy,Sigma,2,1,1,0.5
MAX,Sigma,2,1,1,0.5
MAX,Mauga,2,1,1,0.5
Proper,Venture,2,1,1,0.5
BERNAR,Sigma,2,1,1,0.5
SP1NT,Widowmaker,2,1,1,0.5
HeeSang,Sojourn,2,1,1,0.5
D4RT,Mei,2,1,1,0.5
KILO,Tracer,2,1,1,0.5
Checkmate,Widowmaker,2,1,1,0.5
Probe,Widowmaker,2,1,1,0.5
HEISER,Winston,2,1,1,0.5
ZEST,Venture,2,1,1,0.5
ATTACK,Orisa,2,1,1,0.5
Hanbin,Mauga,2,1,1,0.5
Jasm1ne,Mauga,2,1,1,0.5
Checkmate,Echo,2,1,1,0.5
HEISER,Sigma,2,1,1,0.5
SP1NT,Torbjörn,2,1,1,0.5
Faith,Zenyatta,2,1,1,0.5
DONGHAK,Junker Queen,2,1,1,0.5
ZEST,Genji,2,1,1,0.5
Hanbin,Orisa,2,1,1,0.5
knife,Genji,2,1,1,0.5
Fearful,Ramattra,2,1,1,0.5
Eileen,Freja,2,1,1,0.5
Taimouren,Widowmaker,2,1,1,0.5
Hypnos,Ana,2,1,1,0.5
fari,Symmetra,2,1,1,0.5
Kaneki,Echo,2,1,1,0.5
MewTwo,Zenyatta,2,1,1,0.5
Noy,Brigitte,2,1,1,0.5
Mmonk,Baptiste,2,1,1,0.5
Eileen,Reaper,2,1,1,0.5
SINCE,Juno,2,1,1,0.5
wh4le,Bastion,2,1,1,0.5
wh4le,Widowmaker,2,1,1,0.5
Taimouren,Echo,2,1,1,0.5
Lengsa,Illari,2,1,1,0.5
Alphari,Echo,2,1,1,0.5
Leave,Mei,2,1,1,0.5
Insane,Venture,2,1,1,0.5
Alphari,Pharah,2,1,1,0.5
Ezhan,Pharah,2,1,1,0.5
Seicoe,Widowmaker,2,1,1,0.5
TR33,Sombra,2,1,1,0.5
Kellan,Reinhardt,2,1,1,0.5
Cjay,Baptiste,2,1,1,0.5
Ryan,Widowmaker,2,1,1,0.5
Zephyr,Pharah,2,1,1,0.5
Punk,Hazard,2,1,1,0.5
Exrai,Ana,2,1,1,0.5
TKL,Hanzo,2,1,1,0.5
TKL,Widowmaker,2,1,1,0.5
Yoko,Genji,2,1,1,0.5
Huntin,Juno,2,1,1,0.5
Tom4to,Baptiste,2,1,1,0.5
FEI,Baptiste,2,1,1,0.5
PKFishy,Pharah,2,1,1,0.5
sgy,Pharah,2,1,1,0.5
Punk,Doomfist,2,1,1,0.5
PaLee,Jetpack Cat,2,1,1,0.5
PaLee,Zenyatta,2,1,1,0.5
PaLee,Illari,2,1,1,0.5
MSCG,Illari,2,1,1,0.5
Yoko,Mei,2,1,1,0.5
wntr,Juno,2,1,1,0.5
pdk,Genji,2,1,1,0.5
sniper,Winston,2,1,1,0.5
Zorrow,Hanzo,2,0,2,0.0
Dip,Anran,2,0,2,0.0
Xerion,Mizuki,2,0,2,0.0
Nico,Sojourn,2,0,2,0.0
KSG,Domina,2,0,2,0.0
Sley,Wuyang,2,0,2,0.0
Viper,Tracer,2,0,2,0.0
Willys,Ramattra,2,0,2,0.0
Guxue,Domina,2,0,2,0.0
LIP,Cassidy,2,0,2,0.0
Soae,Reaper,2,0,2,0.0
pav2l,Ashe,2,0,2,0.0
Elysia,Wuyang,2,0,2,0.0
Undersea,Symmetra,2,0,2,0.0
ans,Ashe,2,0,2,0.0
ans,Soldier: 76,2,0,2,0.0
ta1yo,Emre,2,0,2,0.0
NHZ,Mizuki,2,0,2,0.0
ans,Symmetra,2,0,2,0.0
ta1yo,Vendetta,2,0,2,0.0
PEPPI,Zarya,2,0,2,0.0
Setsuna,Freja,2,0,2,0.0
Ydot,Jetpack Cat,2,0,2,0.0
Gaisen,Mizuki,2,0,2,0.0
pav2l,Genji,2,0,2,0.0
pav2l,Symmetra,2,0,2,0.0
Elysia,Moira,2,0,2,0.0
NEIVIS,Illari,2,0,2,0.0
SORI,Symmetra,2,0,2,0.0
orca,Lúcio,2,0,2,0.0
NHZ,Baptiste,2,0,2,0.0
kiibo,Moira,2,0,2,0.0
Gaisen,Baptiste,2,0,2,0.0
Breadturtle,Echo,2,0,2,0.0
pav2l,Widowmaker,2,0,2,0.0
Vosa1q,Hazard,2,0,2,0.0
NHZ,Moira,2,0,2,0.0
PEPPI,Hazard,2,0,2,0.0
Vosa1q,Mauga,2,0,2,0.0
Ydot,Illari,2,0,2,0.0
SeungAn,Orisa,2,0,2,0.0
CH0R0NG,Brigitte,2,0,2,0.0
SoLA,Zarya,2,0,2,0.0
MCD,Wuyang,2,0,2,0.0
MCD,Lúcio,2,0,2,0.0
Secret,Illari,2,0,2,0.0
Secret,Wuyang,2,0,2,0.0
Becky,Venture,2,0,2,0.0
HEISER,Ramattra,2,0,2,0.0
D0D0,Venture,2,0,2,0.0
MCD,Illari,2,0,2,0.0
Secret,Ana,2,0,2,0.0
Jasm1ne,Orisa,2,0,2,0.0
Hanbin,Sigma,2,0,2,0.0
ZeSin,Anran,2,0,2,0.0
Jamelgong,Vendetta,2,0,2,0.0
Probe,Symmetra,2,0,2,0.0
YangJun,Lifeweaver,2,0,2,0.0
Fielder,Jetpack Cat,2,0,2,0.0
Vigilante,Jetpack Cat,2,0,2,0.0
FARMER,Doomfist,2,0,2,0.0
TenTen,Illari,2,0,2,0.0
TenTen,Brigitte,2,0,2,0.0
Gur3um,Winston,2,0,2,0.0
SP1NT,Reaper,2,0,2,0.0
MCD,Zenyatta,2,0,2,0.0
iRONY,Baptiste,2,0,2,0.0
Fearful,Mauga,2,0,2,0.0
Argon,Widowmaker,2,0,2,0.0
Eileen,Tracer,2,0,2,0.0
Hypnos,Wuyang,2,0,2,0.0
Hypnos,Jetpack Cat,2,0,2,0.0
skyshow,Symmetra,2,0,2,0.0
Littlemoon,Hanzo,2,0,2,0.0
prot3ct,Sigma,2,0,2,0.0
Wangming,Anran,2,0,2,0.0
SINCE,Ana,2,0,2,0.0
SINCE,Baptiste,2,0,2,0.0
Alphari,Venture,2,0,2,0.0
Lilko,Venture,2,0,2,0.0
Lilko,Symmetra,2,0,2,0.0
TCC,Juno,2,0,2,0.0
TCC,Brigitte,2,0,2,0.0
JAYA,Genji,2,0,2,0.0
Eileen,Venture,2,0,2,0.0
Hypnos,Brigitte,2,0,2,0.0
Diya,Baptiste,2,0,2,0.0
Pineapple,Symmetra,2,0,2,0.0
LiGe,Hazard,2,0,2,0.0
feiyang,Roadhog,2,0,2,0.0
guxue,Sigma,2,0,2,0.0
guxue,Ramattra,2,0,2,0.0
BABAYAGA,Mei,2,0,2,0.0
Mag,Ramattra,2,0,2,0.0
A1WAYS,Kiriko,2,0,2,0.0
TCC,Jetpack Cat,2,0,2,0.0
TCC,Mercy,2,0,2,0.0
prot3ct,Ramattra,2,0,2,0.0
BABAYAGA,Bastion,2,0,2,0.0
Littlemoon,Cassidy,2,0,2,0.0
prot3ct,Mauga,2,0,2,0.0
prot3ct,Roadhog,2,0,2,0.0
Noy,Jetpack Cat,2,0,2,0.0
Taejong,Echo,2,0,2,0.0
Xerion,Wuyang,2,0,2,0.0
FDGod,Juno,2,0,2,0.0
Ade,Symmetra,2,0,2,0.0
Khenail,Ana,2,0,2,0.0
Vestola,Sigma,2,0,2,0.0
Galaa,Jetpack Cat,2,0,2,0.0
NenWhy,Illari,2,0,2,0.0
NenWhy,Juno,2,0,2,0.0
sniper,Wrecking Ball,2,0,2,0.0
sniper,Sigma,2,0,2,0.0
Grapes,Juno,2,0,2,0.0
Ryan,Echo,2,0,2,0.0
TR33,Symmetra,2,0,2,0.0
Vega,Juno,2,0,2,0.0
xten,Cassidy,2,0,2,0.0
Zeb,Wrecking Ball,2,0,2,0.0
Grapes,Moira,2,0,2,0.0
Admiral,Juno,2,0,2,0.0
Yoko,Vendetta,2,0,2,0.0
Exrai,Juno,2,0,2,0.0
Sunset,Symmetra,2,0,2,0.0
Kairen,Zarya,2,0,2,0.0
Beeple,Juno,2,0,2,0.0
Yui,Kiriko,2,0,2,0.0
Hyunjae,Brigitte,2,0,2,0.0
MSCG,Ana,2,0,2,0.0
MSCG,Baptiste,2,0,2,0.0
Scorch,Orisa,2,0,2,0.0
TKL,Bastion,2,0,2,0.0
Renaco,Zarya,2,0,2,0.0
Renaco,D.Va,2,0,2,0.0
wntr,Brigitte,2,0,2,0.0
Rokit,Anran,1,1,0,1.0
Zorrow,Ashe,1,1,0,1.0
ChiYo,Illari,1,1,0,1.0
Cjay,Mercy,1,1,0,1.0
Zest,Widowmaker,1,1,0,1.0
Kevster,Hanzo,1,1,0,1.0
eisgnom,Reinhardt,1,1,0,1.0
FiXa,Zenyatta,1,1,0,1.0
Landon,Illari,1,1,0,1.0
Leave,Freja,1,1,0,1.0
Guxue,Zarya,1,1,0,1.0
Fielder,Lifeweaver,1,1,0,1.0
Vega,Lifeweaver,1,1,0,1.0
Rupal,Juno,1,1,0,1.0
Quartz,Cassidy,1,1,0,1.0
Ky0n,Ashe,1,1,0,1.0
NICO,Ashe,1,1,0,1.0
NICO,Bastion,1,1,0,1.0
TOPDRAGON,Emre,1,1,0,1.0
NICO,Tracer,1,1,0,1.0
SLEY,Mizuki,1,1,0,1.0
QLOUD,Wuyang,1,1,0,1.0
Roxy,Wrecking Ball,1,1,0,1.0
homerunball,Sigma,1,1,0,1.0
NEIVIS,Wuyang,1,1,0,1.0
ta1yo,Hanzo,1,1,0,1.0
Mihawk,Lifeweaver,1,1,0,1.0
ICHI,Roadhog,1,1,0,1.0
NICO,Genji,1,1,0,1.0
SLEY,Baptiste,1,1,0,1.0
NewJ,Vendetta,1,1,0,1.0
TOPDRAGON,Mei,1,1,0,1.0
QLOUD,Lúcio,1,1,0,1.0
QLOUD,Brigitte,1,1,0,1.0
TOPDRAGON,Genji,1,1,0,1.0
TOPDRAGON,Widowmaker,1,1,0,1.0
APDO,Venture,1,1,0,1.0
NewJ,Hanzo,1,1,0,1.0
NewJ,Torbjörn,1,1,0,1.0
Heesung,Roadhog,1,1,0,1.0
NEIVIS,Juno,1,1,0,1.0
NewJ,Genji,1,1,0,1.0
Yot1y,Genji,1,1,0,1.0
Daisy,Freja,1,1,0,1.0
Daisy,Cassidy,1,1,0,1.0
mint,Ana,1,1,0,1.0
NICO,Widowmaker,1,1,0,1.0
NICO,Hanzo,1,1,0,1.0
M1NUT2,Hanzo,1,1,0,1.0
HeeSang,Venture,1,1,0,1.0
Proper,Emre,1,1,0,1.0
BERNAR,Doomfist,1,1,0,1.0
BERNAR,Mauga,1,1,0,1.0
Jasm1ne,Sigma,1,1,0,1.0
Jasm1ne,Domina,1,1,0,1.0
Fielder,Moira,1,1,0,1.0
ChiYo,Lifeweaver,1,1,0,1.0
KIVIS,Jetpack Cat,1,1,0,1.0
CARU,Baptiste,1,1,0,1.0
KILO,Mei,1,1,0,1.0
OPENER,Kiriko,1,1,0,1.0
iRONY,Mizuki,1,1,0,1.0
iRONY,Lúcio,1,1,0,1.0
Proud,Echo,1,1,0,1.0
Jasm1ne,Reinhardt,1,1,0,1.0
Proper,Sojourn,1,1,0,1.0
BERNAR,Hazard,1,1,0,1.0
YangJun,Wuyang,1,1,0,1.0
Bliss,Mercy,1,1,0,1.0
CH0R0NG,Juno,1,1,0,1.0
Viol2t,Wuyang,1,1,0,1.0
SOMEONE,Reinhardt,1,1,0,1.0
ZEST,Sombra,1,1,0,1.0
Jasm1ne,Hazard,1,1,0,1.0
skewed,Jetpack Cat,1,1,0,1.0
Becky,Anran,1,1,0,1.0
YangJun,Ana,1,1,0,1.0
KIVIS,Illari,1,1,0,1.0
knife,Hanzo,1,1,0,1.0
Viol2t,Kiriko,1,1,0,1.0
skewed,Lifeweaver,1,1,0,1.0
Proper,Bastion,1,1,0,1.0
SP1NT,Sierra,1,1,0,1.0
Mealgaru,Sigma,1,1,0,1.0
Viol2t,Zenyatta,1,1,0,1.0
shu,Jetpack Cat,1,1,0,1.0
HeeSang,Sombra,1,1,0,1.0
HeeSang,Ashe,1,1,0,1.0
STALK3R,Sierra,1,1,0,1.0
STALK3R,Pharah,1,1,0,1.0
Proud,Reaper,1,1,0,1.0
knife,Sierra,1,1,0,1.0
Proper,Sierra,1,1,0,1.0
shu,Lifeweaver,1,1,0,1.0
Ch0r0ng,Juno,1,1,0,1.0
YangJun,Illari,1,1,0,1.0
MER1T,Tracer,1,1,0,1.0
Hanbin,Doomfist,1,1,0,1.0
Faith,Juno,1,1,0,1.0
Proper,Ashe,1,1,0,1.0
CH0R0NG,Ana,1,1,0,1.0
Argon,Mei,1,1,0,1.0
Argon,Freja,1,1,0,1.0
Proper,Reaper,1,1,0,1.0
JunBin,Roadhog,1,1,0,1.0
A1IEN,Widowmaker,1,1,0,1.0
Eileen,Genji,1,1,0,1.0
Eileen,Widowmaker,1,1,0,1.0
Hypnos,Baptiste,1,1,0,1.0
Mmonk,Lúcio,1,1,0,1.0
Lateyoung,Reinhardt,1,1,0,1.0
Littlemoon,Freja,1,1,0,1.0
Lengsa,Juno,1,1,0,1.0
A1WAYS,Juno,1,1,0,1.0
Shy,Tracer,1,1,0,1.0
SUNZO,Mauga,1,1,0,1.0
SUNZO,Orisa,1,1,0,1.0
MAKA,Mercy,1,1,0,1.0
Lateyoung,Ramattra,1,1,0,1.0
Coldj,Ana,1,1,0,1.0
Leave,Hanzo,1,1,0,1.0
Recall,Lifeweaver,1,1,0,1.0
Eileen,Emre,1,1,0,1.0
Leave,Bastion,1,1,0,1.0
Leave,Echo,1,1,0,1.0
Insane,Echo,1,1,0,1.0
Insane,Hanzo,1,1,0,1.0
Kaneki,Freja,1,1,0,1.0
Mmonk,Illari,1,1,0,1.0
MewTwo,Juno,1,1,0,1.0
MewTwo,Ana,1,1,0,1.0
MewTwo,Kiriko,1,1,0,1.0
BABAYAGA,Hanzo,1,1,0,1.0
Noy,Ana,1,1,0,1.0
Belosrea,Junker Queen,1,1,0,1.0
Insane,Reaper,1,1,0,1.0
Insane,Genji,1,1,0,1.0
Mag,Zarya,1,1,0,1.0
Lengsa,Kiriko,1,1,0,1.0
MewTwo,Mercy,1,1,0,1.0
shy,Sierra,1,1,0,1.0
Leave,Widowmaker,1,1,0,1.0
guxue,Wrecking Ball,1,1,0,1.0
MAKA,Illari,1,1,0,1.0
Ezhan,Genji,1,1,0,1.0
LeeSooMin,Ana,1,1,0,1.0
eisgnom,Ramattra,1,1,0,1.0
Ade,Bastion,1,1,0,1.0
Quartz,Echo,1,1,0,1.0
TVNT,Orisa,1,1,0,1.0
KSAA,Ramattra,1,1,0,1.0
KSAA,D.Va,1,1,0,1.0
Landon,Mercy,1,1,0,1.0
Taejong,Sombra,1,1,0,1.0
Galaa,Baptiste,1,1,0,1.0
SirMajed,Ana,1,1,0,1.0
FiNN,Lifeweaver,1,1,0,1.0
JaeWoo,Hanzo,1,1,0,1.0
LBBD7,Symmetra,1,1,0,1.0
TVNT,Mauga,1,1,0,1.0
Simple,Lúcio,1,1,0,1.0
WMaimone,Symmetra,1,1,0,1.0
Khenail,Illari,1,1,0,1.0
TVNT,Hazard,1,1,0,1.0
Khenail,Lifeweaver,1,1,0,1.0
AlphaYi,Echo,1,1,0,1.0
Haku,Brigitte,1,1,0,1.0
Simple,Baptiste,1,1,0,1.0
FiNN,Illari,1,1,0,1.0
FunnyAstro,Baptiste,1,1,0,1.0
Seicoe,Bastion,1,1,0,1.0
Landon,Ana,1,1,0,1.0
Tred,Hazard,1,1,0,1.0
TR33,Hanzo,1,1,0,1.0
Escanor,Ana,1,1,0,1.0
Lethal,Hanzo,1,1,0,1.0
Lukemino,Baptiste,1,1,0,1.0
PGE,Bastion,1,1,0,1.0
PGE,Hanzo,1,1,0,1.0
Tred,Winston,1,1,0,1.0
Seonjun,Torbjörn,1,1,0,1.0
Seonjun,Sombra,1,1,0,1.0
Seonjun,Junkrat,1,1,0,1.0
Kronik,Freja,1,1,0,1.0
Kronik,Anran,1,1,0,1.0
Cjay,Moira,1,1,0,1.0
UltraViolet,Zenyatta,1,1,0,1.0
TR33,Bastion,1,1,0,1.0
Infekted,Reinhardt,1,1,0,1.0
Sugarfree,Widowmaker,1,1,0,1.0
UltraViolet,Lúcio,1,1,0,1.0
Yoshinori2k,Reaper,1,1,0,1.0
wntr,Mizuki,1,1,0,1.0
Huntin,Illari,1,1,0,1.0
Colourhex,Sojourn,1,1,0,1.0
sgy,Hanzo,1,1,0,1.0
UYOU,Ramattra,1,1,0,1.0
PaLee,Moira,1,1,0,1.0
PaLee,Mercy,1,1,0,1.0
Yoko,Soldier: 76,1,1,0,1.0
Huntin,Mizuki,1,1,0,1.0
Colourhex,Symmetra,1,1,0,1.0
sgy,Venture,1,1,0,1.0
Ackyy,Lúcio,1,1,0,1.0
wntr,Kiriko,1,1,0,1.0
Lumi,Roadhog,1,1,0,1.0
Lumi,Ramattra,1,1,0,1.0
Lumi,Domina,1,1,0,1.0
Yoshinori2k,Sierra,1,1,0,1.0
Nyang,Reaper,1,1,0,1.0
sgy,Genji,1,1,0,1.0
Colourhex,Zarya,1,1,0,1.0
Kairen,Wrecking Ball,1,1,0,1.0
Hyvision,Hanzo,1,1,0,1.0
PGE,Ashe,1,0,1,0.0
Nico,Emre,1,0,1,0.0
Nico,Cassidy,1,0,1,0.0
Nico,Freja,1,0,1,0.0
Nico,Widowmaker,1,0,1,0.0
Nico,Tracer,1,0,1,0.0
Sley,Mizuki,1,0,1,0.0
Sley,Jetpack Cat,1,0,1,0.0
Sley,Illari,1,0,1,0.0
Qloud,Jetpack Cat,1,0,1,0.0
Qloud,Kiriko,1,0,1,0.0
Qloud,Brigitte,1,0,1,0.0
Qloud,Baptiste,1,0,1,0.0
Kronik,Bastion,1,0,1,0.0
Seonjun,Anran,1,0,1,0.0
Cjay,Wuyang,1,0,1,0.0
Zest,Genji,1,0,1,0.0
Viper,Anran,1,0,1,0.0
Viper,Echo,1,0,1,0.0
Insane,Anran,1,0,1,0.0
Insane,Sojourn,1,0,1,0.0
Kivis,Mizuki,1,0,1,0.0
Kivis,Kiriko,1,0,1,0.0
Kivis,Illari,1,0,1,0.0
LIP,Sombra,1,0,1,0.0
FDGod,Mercy,1,0,1,0.0
Shy,Ashe,1,0,1,0.0
LeeSooMin,Mizuki,1,0,1,0.0
MAKA,Wuyang,1,0,1,0.0
Zest,Tracer,1,0,1,0.0
skewed,Brigitte,1,0,1,0.0
FiXa,Wuyang,1,0,1,0.0
FiXa,Baptiste,1,0,1,0.0
HeeSang,Torbjörn,1,0,1,0.0
JunBin,Reinhardt,1,0,1,0.0
Ch0r0ng,Illari,1,0,1,0.0
Zeruhh,Widowmaker,1,0,1,0.0
Vigilante,Wuyang,1,0,1,0.0
Quartz,Sombra,1,0,1,0.0
FunnyAstro,Zenyatta,1,0,1,0.0
Breadturtle,Sojourn,1,0,1,0.0
Leonopteryx,Sigma,1,0,1,0.0
kiibo,Wuyang,1,0,1,0.0
Undersea,Echo,1,0,1,0.0
Undersea,Venture,1,0,1,0.0
Undersea,Emre,1,0,1,0.0
Undersea,Tracer,1,0,1,0.0
ta1yo,Ashe,1,0,1,0.0
PEPPI,Winston,1,0,1,0.0
Setsuna,Sombra,1,0,1,0.0
Yot1y,Sojourn,1,0,1,0.0
DOX,Roadhog,1,0,1,0.0
NHZ,Ana,1,0,1,0.0
PEPPI,Wrecking Ball,1,0,1,0.0
DOX,Wrecking Ball,1,0,1,0.0
NICO,Freja,1,0,1,0.0
SLEY,Juno,1,0,1,0.0
SLEY,Brigitte,1,0,1,0.0
Sakume,Baptiste,1,0,1,0.0
Supreme,Baptiste,1,0,1,0.0
ICHI,Sigma,1,0,1,0.0
Supreme,Zenyatta,1,0,1,0.0
Elysia,Mizuki,1,0,1,0.0
DOX,Sigma,1,0,1,0.0
NHZ,Lifeweaver,1,0,1,0.0
umi,Illari,1,0,1,0.0
Mihawk,Mizuki,1,0,1,0.0
Mihawk,Wuyang,1,0,1,0.0
Daisy,Pharah,1,0,1,0.0
Daisy,Tracer,1,0,1,0.0
APDO,Torbjörn,1,0,1,0.0
APDO,Emre,1,0,1,0.0
APDO,Cassidy,1,0,1,0.0
orca,Lifeweaver,1,0,1,0.0
pav2l,Tracer,1,0,1,0.0
Vosa1q,Doomfist,1,0,1,0.0
Vosa1q,Wrecking Ball,1,0,1,0.0
umi,Jetpack Cat,1,0,1,0.0
umi,Lúcio,1,0,1,0.0
APDO,Widowmaker,1,0,1,0.0
Yot1y,Freja,1,0,1,0.0
Yot1y,Hanzo,1,0,1,0.0
NHZ,Mercy,1,0,1,0.0
umi,Wuyang,1,0,1,0.0
ans,Pharah,1,0,1,0.0
epic,Illari,1,0,1,0.0
Mihawk,Zenyatta,1,0,1,0.0
kiibo,Illari,1,0,1,0.0
Soae,Mei,1,0,1,0.0
Setsuna,Hanzo,1,0,1,0.0
DOX,Hazard,1,0,1,0.0
mint,Lifeweaver,1,0,1,0.0
orca,Mercy,1,0,1,0.0
orca,Jetpack Cat,1,0,1,0.0
harutoon,Venture,1,0,1,0.0
harutoon,Sombra,1,0,1,0.0
harutoon,Soldier: 76,1,0,1,0.0
ans,Vendetta,1,0,1,0.0
ta1yo,Widowmaker,1,0,1,0.0
ta1yo,Cassidy,1,0,1,0.0
ta1yo,Bastion,1,0,1,0.0
ta1yo,Genji,1,0,1,0.0
Breadturtle,Genji,1,0,1,0.0
Vosa1q,Orisa,1,0,1,0.0
Vosa1q,Reinhardt,1,0,1,0.0
Vosa1q,Junker Queen,1,0,1,0.0
harutoon,Echo,1,0,1,0.0
SORI,Pharah,1,0,1,0.0
harutoon,Sojourn,1,0,1,0.0
Edison,Reaper,1,0,1,0.0
Edison,Sombra,1,0,1,0.0
Edison,Mei,1,0,1,0.0
Zesin,Symmetra,1,0,1,0.0
Zesin,Vendetta,1,0,1,0.0
SeungAn,Ramattra,1,0,1,0.0
MAX,Domina,1,0,1,0.0
MAX,Wrecking Ball,1,0,1,0.0
Becky,Echo,1,0,1,0.0
ATTACK,Wrecking Ball,1,0,1,0.0
SoLA,Domina,1,0,1,0.0
MCD,Mercy,1,0,1,0.0
ZeSin,Freja,1,0,1,0.0
SP1NT,Venture,1,0,1,0.0
Mer1t,Reaper,1,0,1,0.0
Mer1t,Mei,1,0,1,0.0
Checkmate,Venture,1,0,1,0.0
Hanbin,Wrecking Ball,1,0,1,0.0
ZeSin,Reaper,1,0,1,0.0
Gur3um,Orisa,1,0,1,0.0
CARU,Zenyatta,1,0,1,0.0
CH0R0NG,Kiriko,1,0,1,0.0
CH0R0NG,Illari,1,0,1,0.0
M1NUT2,Tracer,1,0,1,0.0
D4RT,Venture,1,0,1,0.0
Gur3um,Doomfist,1,0,1,0.0
Argon,Emre,1,0,1,0.0
Argon,Hanzo,1,0,1,0.0
Jamelgong,Tracer,1,0,1,0.0
Jamelgong,Mei,1,0,1,0.0
Jamelgong,Genji,1,0,1,0.0
Jamelgong,Symmetra,1,0,1,0.0
SoLA,Orisa,1,0,1,0.0
Secret,Jetpack Cat,1,0,1,0.0
KIVIS,Baptiste,1,0,1,0.0
skewed,Moira,1,0,1,0.0
ZeSin,Symmetra,1,0,1,0.0
skewed,Illari,1,0,1,0.0
HeeSang,Soldier: 76,1,0,1,0.0
STALK3R,Sombra,1,0,1,0.0
Ch0r0ng,Lifeweaver,1,0,1,0.0
D0D0,Anran,1,0,1,0.0
Secret,Baptiste,1,0,1,0.0
Zesin,Cassidy,1,0,1,0.0
Zesin,Widowmaker,1,0,1,0.0
FARMER,Orisa,1,0,1,0.0
MCD,Hazard,1,0,1,0.0
Yate,Juno,1,0,1,0.0
Secret,Mizuki,1,0,1,0.0
M1NUT2,Reaper,1,0,1,0.0
Gur3um,Ramattra,1,0,1,0.0
Proud,Venture,1,0,1,0.0
Proud,Sombra,1,0,1,0.0
DONGHAK,Winston,1,0,1,0.0
Argon,Genji,1,0,1,0.0
ZeSin,Hanzo,1,0,1,0.0
FARMER,Roadhog,1,0,1,0.0
WoochaN,Lifeweaver,1,0,1,0.0
Fielder,Brigitte,1,0,1,0.0
M1NUT2,Sierra,1,0,1,0.0
SP1NT,Anran,1,0,1,0.0
KILO,Sierra,1,0,1,0.0
perr,Hanzo,1,0,1,0.0
D0D0,Hanzo,1,0,1,0.0
Yate,Winston,1,0,1,0.0
Yate,Doomfist,1,0,1,0.0
A1IEN,Symmetra,1,0,1,0.0
A1IEN,Vendetta,1,0,1,0.0
HEISER,Reinhardt,1,0,1,0.0
HEISER,Mauga,1,0,1,0.0
SP1NT,Sombra,1,0,1,0.0
KILO,Venture,1,0,1,0.0
KILO,Sombra,1,0,1,0.0
ATTACK,Reinhardt,1,0,1,0.0
D4RT,Sierra,1,0,1,0.0
Fearful,Wrecking Ball,1,0,1,0.0
Fearful,Zarya,1,0,1,0.0
knife,Vendetta,1,0,1,0.0
Mer1t,Tracer,1,0,1,0.0
Checkmate,Reaper,1,0,1,0.0
SOMEONE,Ramattra,1,0,1,0.0
SOMEONE,Mauga,1,0,1,0.0
SeungAn,Hazard,1,0,1,0.0
Eileen,Echo,1,0,1,0.0
Hypnos,Mizuki,1,0,1,0.0
Lilko,Genji,1,0,1,0.0
fari,Widowmaker,1,0,1,0.0
9TRIBEZ,Ramattra,1,0,1,0.0
9TRIBEZ,Sigma,1,0,1,0.0
9TRIBEZ,Doomfist,1,0,1,0.0
Remedy,Ana,1,0,1,0.0
skyshow,Venture,1,0,1,0.0
Noy,Baptiste,1,0,1,0.0
Wangming,Venture,1,0,1,0.0
Limbo,Zarya,1,0,1,0.0
Recall,Mizuki,1,0,1,0.0
9TRIBEZ,D.Va,1,0,1,0.0
Lateyoung,Winston,1,0,1,0.0
fari,Tracer,1,0,1,0.0
Remedy,Baptiste,1,0,1,0.0
Unkn0w,Brigitte,1,0,1,0.0
Lilko,Pharah,1,0,1,0.0
skyshow,Widowmaker,1,0,1,0.0
Wangming,Sojourn,1,0,1,0.0
Wangming,Emre,1,0,1,0.0
BABAYAGA,Emre,1,0,1,0.0
TCC,Wuyang,1,0,1,0.0
Coldj,Baptiste,1,0,1,0.0
Eileen,Bastion,1,0,1,0.0
Noy,Mercy,1,0,1,0.0
Lateyoung,Sigma,1,0,1,0.0
Coldj,Zenyatta,1,0,1,0.0
LeeSooMin,Baptiste,1,0,1,0.0
prot3ct,Mei,1,0,1,0.0
Diya,Bastion,1,0,1,0.0
Diya,Soldier: 76,1,0,1,0.0
Mag,Doomfist,1,0,1,0.0
BABAYAGA,Reaper,1,0,1,0.0
BABAYAGA,Genji,1,0,1,0.0
Eileen,Sierra,1,0,1,0.0
Taimouren,Bastion,1,0,1,0.0
Taimouren,Freja,1,0,1,0.0
Taimouren,Sierra,1,0,1,0.0
feiyang,Winston,1,0,1,0.0
Diya,Jetpack Cat,1,0,1,0.0
Diya,Mercy,1,0,1,0.0
TCC,Ana,1,0,1,0.0
TCC,Kiriko,1,0,1,0.0
Littlemoon,Bastion,1,0,1,0.0
BABAYAGA,Sierra,1,0,1,0.0
prot3ct,Reinhardt,1,0,1,0.0
shy,Symmetra,1,0,1,0.0
guxue,Orisa,1,0,1,0.0
Littlemoon,Mei,1,0,1,0.0
Kaneki,Anran,1,0,1,0.0
Mmonk,Mizuki,1,0,1,0.0
Ezhan,Echo,1,0,1,0.0
Insane,Soldier: 76,1,0,1,0.0
BABYAGA,Symmetra,1,0,1,0.0
prot3ct,Hazard,1,0,1,0.0
Pineapple,Freja,1,0,1,0.0
Alphari,Emre,1,0,1,0.0
Ade,Echo,1,0,1,0.0
Vestola,Wrecking Ball,1,0,1,0.0
crispy,Lifeweaver,1,0,1,0.0
FDGod,Wuyang,1,0,1,0.0
FDGod,Mizuki,1,0,1,0.0
Tama,Orisa,1,0,1,0.0
Tama,Doomfist,1,0,1,0.0
Tama,Wrecking Ball,1,0,1,0.0
Xerion,Lifeweaver,1,0,1,0.0
Zorrow,Soldier: 76,1,0,1,0.0
Kai,Freja,1,0,1,0.0
WMaimone,Reaper,1,0,1,0.0
amdp,Doomfist,1,0,1,0.0
Zorrow,Widowmaker,1,0,1,0.0
amdp,Zarya,1,0,1,0.0
Khenail,Jetpack Cat,1,0,1,0.0
AlphaYi,Genji,1,0,1,0.0
ZIYAD,Doomfist,1,0,1,0.0
Galaa,Illari,1,0,1,0.0
PGE,Soldier: 76,1,0,1,0.0
xten,Widowmaker,1,0,1,0.0
zzz,Lúcio,1,0,1,0.0
zzz,Zenyatta,1,0,1,0.0
NenWhy,Kiriko,1,0,1,0.0
Infekted,Ramattra,1,0,1,0.0
pdk,Freja,1,0,1,0.0
sniper,Domina,1,0,1,0.0
Lethal,Venture,1,0,1,0.0
TR33,Pharah,1,0,1,0.0
Escanor,Baptiste,1,0,1,0.0
Rokit,Hanzo,1,0,1,0.0
Scyle,Zenyatta,1,0,1,0.0
zzz,Baptiste,1,0,1,0.0
sniper,Zarya,1,0,1,0.0
Coluge,Ramattra,1,0,1,0.0
Coluge,Sigma,1,0,1,0.0
Coluge,Winston,1,0,1,0.0
Escanor,Lúcio,1,0,1,0.0
Rokit,Genji,1,0,1,0.0
Ryan,Ashe,1,0,1,0.0
pdk,Widowmaker,1,0,1,0.0
pdk,Tracer,1,0,1,0.0
pdk,Hanzo,1,0,1,0.0
sniper,Doomfist,1,0,1,0.0
sniper,Roadhog,1,0,1,0.0
sniper,Reinhardt,1,0,1,0.0
sniper,Mauga,1,0,1,0.0
sniper,Orisa,1,0,1,0.0
scuffed,Mizuki,1,0,1,0.0
scuffed,Jetpack Cat,1,0,1,0.0
scuffed,Lifeweaver,1,0,1,0.0
scuffed,Lúcio,1,0,1,0.0
Grapes,Zenyatta,1,0,1,0.0
Grapes,Kiriko,1,0,1,0.0
Grapes,Baptiste,1,0,1,0.0
xomba,Pharah,1,0,1,0.0
Seonjun,Mei,1,0,1,0.0
Zephyr,Echo,1,0,1,0.0
Zephyr,Ashe,1,0,1,0.0
Tom4to,Wuyang,1,0,1,0.0
FEI,Juno,1,0,1,0.0
Elva,Widowmaker,1,0,1,0.0
Scorch,Doomfist,1,0,1,0.0
Akraken,Juno,1,0,1,0.0
Pugz,Mercy,1,0,1,0.0
TKL,Tracer,1,0,1,0.0
Lumi,Zarya,1,0,1,0.0
Beeple,Wuyang,1,0,1,0.0
Regr3t,Venture,1,0,1,0.0
Hyunjae,Mizuki,1,0,1,0.0
TKL,Vendetta,1,0,1,0.0
jamorant,Ramattra,1,0,1,0.0
jamorant,Zarya,1,0,1,0.0
Zephyr,Torbjörn,1,0,1,0.0
Zephyr,Hanzo,1,0,1,0.0
Despair,Winston,1,0,1,0.0
PKFishy,Sombra,1,0,1,0.0
UYOU,Doomfist,1,0,1,0.0
UYOU,Winston,1,0,1,0.0
PaLee,Mizuki,1,0,1,0.0
Kairen,Winston,1,0,1,0.0
PKFishy,Venture,1,0,1,0.0
Regr3t,Cassidy,1,0,1,0.0
Scorch,Sigma,1,0,1,0.0
jamorant,Domina,1,0,1,0.0
jamorant,Orisa,1,0,1,0.0
jamorant,Mauga,1,0,1,0.0
Kairen,Doomfist,1,0,1,0.0
Yoko,Reaper,1,0,1,0.0
Elva,Sojourn,1,0,1,0.0
Elva,Reaper,1,0,1,0.0
Elva,Torbjörn,1,0,1,0.0
Sunset,Bastion,1,0,1,0.0
Sunset,Tracer,1,0,1,0.0
Nyang,Bastion,1,0,1,0.0
Nyang,Cassidy,1,0,1,0.0
Nyang,Symmetra,1,0,1,0.0
sgy,Soldier: 76,1,0,1,0.0
Punk,Mauga,1,0,1,0.0
