team_name,hero_name,usage_count,usage_ratio
99DIVINE,Tracer,37,0.1146
99DIVINE,Kiriko,28,0.0867
99DIVINE,Emre,26,0.0805
99DIVINE,Ana,26,0.0805
99DIVINE,Lúcio,25,0.0774
99DIVINE,Winston,24,0.0743
99DIVINE,Juno,14,0.0433
99DIVINE,Symmetra,13,0.0402
99DIVINE,D.Va,13,0.0402
99DIVINE,Genji,12,0.0372
99DIVINE,Cassidy,10,0.031
99DIVINE,Hazard,10,0.031
99DIVINE,Wuyang,9,0.0279
99DIVINE,Brigitte,9,0.0279
99DIVINE,Vendetta,8,0.0248
99DIVINE,Echo,7,0.0217
99DIVINE,Jetpack Cat,7,0.0217
99DIVINE,Sojourn,7,0.0217
99DIVINE,Zarya,7,0.0217
99DIVINE,Wrecking Ball,6,0.0186
99DIVINE,Mizuki,4,0.0124
99DIVINE,Orisa,4,0.0124
99DIVINE,Mauga,4,0.0124
99DIVINE,Widowmaker,3,0.0093
99DIVINE,Pharah,3,0.0093
99DIVINE,Roadhog,1,0.0031
99DIVINE,Baptiste,1,0.0031
99DIVINE,Sigma,1,0.0031
99DIVINE,Zenyatta,1,0.0031
99DIVINE,Venture,1,0.0031
99DIVINE,Sombra,1,0.0031
99DIVINE,Soldier: 76,1,0.0031
Al Qadsiah,Emre,24,0.0941
Al Qadsiah,Lúcio,24,0.0941
Al Qadsiah,Vendetta,21,0.0824
Al Qadsiah,Kiriko,20,0.0784
Al Qadsiah,Tracer,19,0.0745
Al Qadsiah,Juno,18,0.0706
Al Qadsiah,Zarya,17,0.0667
Al Qadsiah,Symmetra,13,0.051
Al Qadsiah,Pharah,10,0.0392
Al Qadsiah,Widowmaker,9,0.0353
Al Qadsiah,D.Va,8,0.0314
Al Qadsiah,Ana,8,0.0314
Al Qadsiah,Sojourn,7,0.0275
Al Qadsiah,Mauga,7,0.0275
Al Qadsiah,Brigitte,7,0.0275
Al Qadsiah,Illari,7,0.0275
Al Qadsiah,Genji,7,0.0275
Al Qadsiah,Winston,6,0.0235
Al Qadsiah,Zenyatta,5,0.0196
Al Qadsiah,Orisa,4,0.0157
Al Qadsiah,Echo,3,0.0118
Al Qadsiah,Domina,3,0.0118
Al Qadsiah,Sigma,2,0.0078
Al Qadsiah,Jetpack Cat,2,0.0078
Al Qadsiah,Bastion,1,0.0039
Al Qadsiah,Wrecking Ball,1,0.0039
Al Qadsiah,Sombra,1,0.0039
Al Qadsiah,Baptiste,1,0.0039
All Gamers,Tracer,41,0.0858
All Gamers,Kiriko,40,0.0837
All Gamers,Lúcio,37,0.0774
All Gamers,Emre,32,0.0669
All Gamers,Symmetra,30,0.0628
All Gamers,D.Va,24,0.0502
All Gamers,Juno,24,0.0502
All Gamers,Jetpack Cat,21,0.0439
All Gamers,Ana,19,0.0397
All Gamers,Widowmaker,17,0.0356
All Gamers,Mauga,17,0.0356
All Gamers,Bastion,13,0.0272
All Gamers,Cassidy,12,0.0251
All Gamers,Vendetta,12,0.0251
All Gamers,Brigitte,12,0.0251
All Gamers,Zarya,11,0.023
All Gamers,Sojourn,9,0.0188
All Gamers,Genji,9,0.0188
All Gamers,Pharah,8,0.0167
All Gamers,Reaper,8,0.0167
All Gamers,Baptiste,7,0.0146
All Gamers,Soldier: 76,7,0.0146
All Gamers,Winston,7,0.0146
All Gamers,Mei,6,0.0126
All Gamers,Wrecking Ball,6,0.0126
All Gamers,Echo,5,0.0105
All Gamers,Ramattra,5,0.0105
All Gamers,Reinhardt,5,0.0105
All Gamers,Venture,4,0.0084
All Gamers,Hanzo,4,0.0084
All Gamers,Domina,3,0.0063
All Gamers,Illari,3,0.0063
All Gamers,Sigma,3,0.0063
All Gamers,Lifeweaver,3,0.0063
All Gamers,Mercy,3,0.0063
All Gamers,Anran,2,0.0042
All Gamers,Mizuki,2,0.0042
All Gamers,Orisa,2,0.0042
All Gamers,Hazard,2,0.0042
All Gamers,Wuyang,2,0.0042
All Gamers,Doomfist,1,0.0021
Anyone's Legend,Kiriko,17,0.1223
Anyone's Legend,Lúcio,15,0.1079
Anyone's Legend,Emre,13,0.0935
Anyone's Legend,Tracer,11,0.0791
Anyone's Legend,Juno,10,0.0719
Anyone's Legend,Vendetta,9,0.0647
Anyone's Legend,Zarya,7,0.0504
Anyone's Legend,Sojourn,7,0.0504
Anyone's Legend,Mauga,7,0.0504
Anyone's Legend,Widowmaker,5,0.036
Anyone's Legend,Echo,5,0.036
Anyone's Legend,Winston,5,0.036
Anyone's Legend,Wrecking Ball,5,0.036
Anyone's Legend,Pharah,4,0.0288
Anyone's Legend,D.Va,4,0.0288
Anyone's Legend,Brigitte,3,0.0216
Anyone's Legend,Lifeweaver,2,0.0144
Anyone's Legend,Doomfist,2,0.0144
Anyone's Legend,Ana,2,0.0144
Anyone's Legend,Orisa,1,0.0072
Anyone's Legend,Freja,1,0.0072
Anyone's Legend,Symmetra,1,0.0072
Anyone's Legend,Reaper,1,0.0072
Anyone's Legend,Illari,1,0.0072
Anyone's Legend,Jetpack Cat,1,0.0072
Cheeseburger,Tracer,34,0.1126
Cheeseburger,Lúcio,29,0.096
Cheeseburger,Ana,25,0.0828
Cheeseburger,Kiriko,18,0.0596
Cheeseburger,Winston,17,0.0563
Cheeseburger,Symmetra,16,0.053
Cheeseburger,Sojourn,12,0.0397
Cheeseburger,Emre,12,0.0397
Cheeseburger,Genji,12,0.0397
Cheeseburger,Vendetta,10,0.0331
Cheeseburger,Zarya,10,0.0331
Cheeseburger,Brigitte,9,0.0298
Cheeseburger,Jetpack Cat,9,0.0298
Cheeseburger,D.Va,8,0.0265
Cheeseburger,Widowmaker,8,0.0265
Cheeseburger,Juno,8,0.0265
Cheeseburger,Hazard,7,0.0232
Cheeseburger,Doomfist,6,0.0199
Cheeseburger,Cassidy,6,0.0199
Cheeseburger,Mauga,6,0.0199
Cheeseburger,Pharah,6,0.0199
Cheeseburger,Bastion,6,0.0199
Cheeseburger,Wuyang,4,0.0132
Cheeseburger,Echo,4,0.0132
Cheeseburger,Orisa,3,0.0099
Cheeseburger,Sigma,3,0.0099
Cheeseburger,Freja,2,0.0066
Cheeseburger,Anran,2,0.0066
Cheeseburger,Hanzo,2,0.0066
Cheeseburger,Mei,2,0.0066
Cheeseburger,Zenyatta,2,0.0066
Cheeseburger,Ramattra,1,0.0033
Cheeseburger,Reaper,1,0.0033
Cheeseburger,Roadhog,1,0.0033
Cheeseburger,Lifeweaver,1,0.0033
Crazy Raccoon,Tracer,46,0.0979
Crazy Raccoon,Lúcio,41,0.0872
Crazy Raccoon,Kiriko,39,0.083
Crazy Raccoon,Symmetra,31,0.066
Crazy Raccoon,D.Va,25,0.0532
Crazy Raccoon,Sojourn,23,0.0489
Crazy Raccoon,Jetpack Cat,22,0.0468
Crazy Raccoon,Vendetta,21,0.0447
Crazy Raccoon,Ana,20,0.0426
Crazy Raccoon,Emre,19,0.0404
Crazy Raccoon,Juno,16,0.034
Crazy Raccoon,Zarya,14,0.0298
Crazy Raccoon,Pharah,12,0.0255
Crazy Raccoon,Winston,12,0.0255
Crazy Raccoon,Genji,12,0.0255
Crazy Raccoon,Cassidy,9,0.0191
Crazy Raccoon,Mauga,9,0.0191
Crazy Raccoon,Brigitte,8,0.017
Crazy Raccoon,Domina,7,0.0149
Crazy Raccoon,Wuyang,7,0.0149
Crazy Raccoon,Wrecking Ball,7,0.0149
Crazy Raccoon,Bastion,7,0.0149
Crazy Raccoon,Widowmaker,6,0.0128
Crazy Raccoon,Ramattra,6,0.0128
Crazy Raccoon,Orisa,5,0.0106
Crazy Raccoon,Mei,5,0.0106
Crazy Raccoon,Sigma,4,0.0085
Crazy Raccoon,Mizuki,4,0.0085
Crazy Raccoon,Baptiste,4,0.0085
Crazy Raccoon,Hazard,4,0.0085
Crazy Raccoon,Anran,3,0.0064
Crazy Raccoon,Ashe,3,0.0064
Crazy Raccoon,Sombra,3,0.0064
Crazy Raccoon,Reaper,3,0.0064
Crazy Raccoon,Hanzo,2,0.0043
Crazy Raccoon,Echo,2,0.0043
Crazy Raccoon,Illari,2,0.0043
Crazy Raccoon,Torbjörn,1,0.0021
Crazy Raccoon,Reinhardt,1,0.0021
Crazy Raccoon,Venture,1,0.0021
Crazy Raccoon,Soldier: 76,1,0.0021
Crazy Raccoon,Lifeweaver,1,0.0021
Crazy Raccoon,Sierra,1,0.0021
Crazy Raccoon,Roadhog,1,0.0021
DEG,Tracer,16,0.125
DEG,Ana,12,0.0938
DEG,Winston,11,0.0859
DEG,Brigitte,10,0.0781
DEG,Genji,10,0.0781
DEG,Lúcio,10,0.0781
DEG,Symmetra,9,0.0703
DEG,Vendetta,8,0.0625
DEG,Doomfist,7,0.0547
DEG,Kiriko,7,0.0547
DEG,Sojourn,4,0.0312
DEG,Cassidy,4,0.0312
DEG,Emre,4,0.0312
DEG,Hazard,3,0.0234
DEG,Wuyang,3,0.0234
DEG,Venture,2,0.0156
DEG,Anran,2,0.0156
DEG,Baptiste,2,0.0156
DEG,Juno,2,0.0156
DEG,Zarya,1,0.0078
DEG,Widowmaker,1,0.0078
Dallas Fuel,Tracer,29,0.0833
Dallas Fuel,Kiriko,27,0.0776
Dallas Fuel,Ana,25,0.0718
Dallas Fuel,Sojourn,24,0.069
Dallas Fuel,Winston,21,0.0603
Dallas Fuel,Lúcio,20,0.0575
Dallas Fuel,Symmetra,15,0.0431
Dallas Fuel,Wrecking Ball,14,0.0402
Dallas Fuel,Juno,14,0.0402
Dallas Fuel,Illari,13,0.0374
Dallas Fuel,Brigitte,12,0.0345
Dallas Fuel,Genji,11,0.0316
Dallas Fuel,Jetpack Cat,11,0.0316
Dallas Fuel,Widowmaker,10,0.0287
Dallas Fuel,Cassidy,10,0.0287
Dallas Fuel,Emre,9,0.0259
Dallas Fuel,Vendetta,9,0.0259
Dallas Fuel,Wuyang,9,0.0259
Dallas Fuel,Pharah,7,0.0201
Dallas Fuel,D.Va,7,0.0201
Dallas Fuel,Ramattra,7,0.0201
Dallas Fuel,Echo,6,0.0172
Dallas Fuel,Sigma,5,0.0144
Dallas Fuel,Mercy,5,0.0144
Dallas Fuel,Domina,3,0.0086
Dallas Fuel,Mizuki,3,0.0086
Dallas Fuel,Zarya,3,0.0086
Dallas Fuel,Baptiste,3,0.0086
Dallas Fuel,Ashe,3,0.0086
Dallas Fuel,Anran,2,0.0057
Dallas Fuel,Hanzo,2,0.0057
Dallas Fuel,Reinhardt,2,0.0057
Dallas Fuel,Bastion,1,0.0029
Dallas Fuel,Torbjörn,1,0.0029
Dallas Fuel,Sombra,1,0.0029
Dallas Fuel,Junkrat,1,0.0029
Dallas Fuel,Freja,1,0.0029
Dallas Fuel,Moira,1,0.0029
Dallas Fuel,Mei,1,0.0029
Disguised,Emre,21,0.0921
Disguised,Tracer,19,0.0833
Disguised,Kiriko,18,0.0789
Disguised,Lúcio,18,0.0789
Disguised,D.Va,16,0.0702
Disguised,Juno,15,0.0658
Disguised,Vendetta,14,0.0614
Disguised,Symmetra,12,0.0526
Disguised,Ramattra,11,0.0482
Disguised,Sojourn,10,0.0439
Disguised,Cassidy,10,0.0439
Disguised,Widowmaker,9,0.0395
Disguised,Zarya,8,0.0351
Disguised,Jetpack Cat,8,0.0351
Disguised,Brigitte,6,0.0263
Disguised,Venture,5,0.0219
Disguised,Domina,4,0.0175
Disguised,Wrecking Ball,4,0.0175
Disguised,Baptiste,4,0.0175
Disguised,Doomfist,3,0.0132
Disguised,Mizuki,2,0.0088
Disguised,Hanzo,2,0.0088
Disguised,Ashe,1,0.0044
Disguised,Anran,1,0.0044
Disguised,Soldier: 76,1,0.0044
Disguised,Hazard,1,0.0044
Disguised,Zenyatta,1,0.0044
Disguised,Bastion,1,0.0044
Disguised,Lifeweaver,1,0.0044
Disguised,Genji,1,0.0044
Disguised,Winston,1,0.0044
ENTER FORCE.36,Emre,25,0.0842
ENTER FORCE.36,Tracer,24,0.0808
ENTER FORCE.36,Kiriko,23,0.0774
ENTER FORCE.36,Vendetta,19,0.064
ENTER FORCE.36,Symmetra,17,0.0572
ENTER FORCE.36,Juno,17,0.0572
ENTER FORCE.36,Lúcio,16,0.0539
ENTER FORCE.36,D.Va,15,0.0505
ENTER FORCE.36,Sojourn,12,0.0404
ENTER FORCE.36,Wuyang,11,0.037
ENTER FORCE.36,Widowmaker,10,0.0337
ENTER FORCE.36,Zarya,10,0.0337
ENTER FORCE.36,Brigitte,10,0.0337
ENTER FORCE.36,Hazard,9,0.0303
ENTER FORCE.36,Orisa,9,0.0303
ENTER FORCE.36,Ana,8,0.0269
ENTER FORCE.36,Echo,7,0.0236
ENTER FORCE.36,Genji,7,0.0236
ENTER FORCE.36,Wrecking Ball,6,0.0202
ENTER FORCE.36,Winston,6,0.0202
ENTER FORCE.36,Pharah,4,0.0135
ENTER FORCE.36,Sigma,4,0.0135
ENTER FORCE.36,Mauga,4,0.0135
ENTER FORCE.36,Doomfist,3,0.0101
ENTER FORCE.36,Ramattra,2,0.0067
ENTER FORCE.36,Domina,2,0.0067
ENTER FORCE.36,Jetpack Cat,2,0.0067
ENTER FORCE.36,Mizuki,2,0.0067
ENTER FORCE.36,Baptiste,2,0.0067
ENTER FORCE.36,Lifeweaver,2,0.0067
ENTER FORCE.36,Sombra,2,0.0067
ENTER FORCE.36,Illari,2,0.0067
ENTER FORCE.36,Hanzo,1,0.0034
ENTER FORCE.36,Torbjörn,1,0.0034
ENTER FORCE.36,Roadhog,1,0.0034
ENTER FORCE.36,Reaper,1,0.0034
ENTER FORCE.36,Mei,1,0.0034
Extinction,Tracer,18,0.1161
Extinction,D.Va,15,0.0968
Extinction,Lúcio,15,0.0968
Extinction,Kiriko,14,0.0903
Extinction,Juno,11,0.071
Extinction,Sojourn,10,0.0645
Extinction,Symmetra,9,0.0581
Extinction,Emre,8,0.0516
Extinction,Ana,5,0.0323
Extinction,Wuyang,4,0.0258
Extinction,Jetpack Cat,4,0.0258
Extinction,Genji,4,0.0258
Extinction,Winston,4,0.0258
Extinction,Cassidy,3,0.0194
Extinction,Vendetta,3,0.0194
Extinction,Brigitte,3,0.0194
Extinction,Widowmaker,3,0.0194
Extinction,Wrecking Ball,2,0.0129
Extinction,Sigma,2,0.0129
Extinction,Echo,2,0.0129
Extinction,Moira,2,0.0129
Extinction,Freja,1,0.0065
Extinction,Domina,1,0.0065
Extinction,Zarya,1,0.0065
Extinction,Ashe,1,0.0065
Extinction,Hanzo,1,0.0065
Extinction,Doomfist,1,0.0065
Extinction,Roadhog,1,0.0065
Extinction,Reinhardt,1,0.0065
Extinction,Mauga,1,0.0065
Extinction,Orisa,1,0.0065
Extinction,Mizuki,1,0.0065
Extinction,Lifeweaver,1,0.0065
Extinction,Zenyatta,1,0.0065
Extinction,Baptiste,1,0.0065
FURY,Lúcio,25,0.1359
FURY,Tracer,23,0.125
FURY,Winston,15,0.0815
FURY,Kiriko,14,0.0761
FURY,Ana,14,0.0761
FURY,Genji,12,0.0652
FURY,Emre,11,0.0598
FURY,D.Va,10,0.0543
FURY,Sojourn,8,0.0435
FURY,Zarya,8,0.0435
FURY,Vendetta,7,0.038
FURY,Symmetra,5,0.0272
FURY,Wuyang,5,0.0272
FURY,Sombra,4,0.0217
FURY,Wrecking Ball,4,0.0217
FURY,Widowmaker,3,0.0163
FURY,Juno,3,0.0163
FURY,Brigitte,3,0.0163
FURY,Venture,2,0.0109
FURY,Pharah,2,0.0109
FURY,Orisa,2,0.0109
FURY,Doomfist,1,0.0054
FURY,Mercy,1,0.0054
FURY,Cassidy,1,0.0054
FURY,Sigma,1,0.0054
Geekay Esports,Zarya,29,0.1239
Geekay Esports,Emre,28,0.1197
Geekay Esports,Kiriko,28,0.1197
Geekay Esports,Lúcio,25,0.1068
Geekay Esports,Tracer,19,0.0812
Geekay Esports,Vendetta,17,0.0726
Geekay Esports,Juno,16,0.0684
Geekay Esports,Symmetra,14,0.0598
Geekay Esports,D.Va,10,0.0427
Geekay Esports,Wrecking Ball,8,0.0342
Geekay Esports,Brigitte,7,0.0299
Geekay Esports,Pharah,7,0.0299
Geekay Esports,Sojourn,6,0.0256
Geekay Esports,Jetpack Cat,6,0.0256
Geekay Esports,Ana,4,0.0171
Geekay Esports,Wuyang,3,0.0128
Geekay Esports,Widowmaker,2,0.0085
Geekay Esports,Lifeweaver,1,0.0043
Geekay Esports,Genji,1,0.0043
Geekay Esports,Echo,1,0.0043
Geekay Esports,Doomfist,1,0.0043
Geekay Esports,Illari,1,0.0043
Homie E,Kiriko,13,0.1238
Homie E,Vendetta,11,0.1048
Homie E,Juno,11,0.1048
Homie E,Lúcio,10,0.0952
Homie E,Tracer,9,0.0857
Homie E,Sojourn,9,0.0857
Homie E,Zarya,9,0.0857
Homie E,Emre,5,0.0476
Homie E,Hazard,5,0.0476
Homie E,Symmetra,4,0.0381
Homie E,Wuyang,4,0.0381
Homie E,Orisa,3,0.0286
Homie E,Venture,2,0.019
Homie E,Genji,1,0.0095
Homie E,Widowmaker,1,0.0095
Homie E,Ramattra,1,0.0095
Homie E,Sigma,1,0.0095
Homie E,Doomfist,1,0.0095
Homie E,Ana,1,0.0095
Homie E,D.Va,1,0.0095
Homie E,Baptiste,1,0.0095
Homie E,Brigitte,1,0.0095
Homie E,Pharah,1,0.0095
JD Gaming,Kiriko,32,0.095
JD Gaming,Tracer,31,0.092
JD Gaming,Lúcio,27,0.0801
JD Gaming,Emre,24,0.0712
JD Gaming,Symmetra,19,0.0564
JD Gaming,D.Va,16,0.0475
JD Gaming,Sojourn,15,0.0445
JD Gaming,Ana,13,0.0386
JD Gaming,Wrecking Ball,12,0.0356
JD Gaming,Hazard,12,0.0356
JD Gaming,Vendetta,11,0.0326
JD Gaming,Winston,11,0.0326
JD Gaming,Bastion,10,0.0297
JD Gaming,Brigitte,9,0.0267
JD Gaming,Jetpack Cat,9,0.0267
JD Gaming,Doomfist,8,0.0237
JD Gaming,Wuyang,8,0.0237
JD Gaming,Ramattra,8,0.0237
JD Gaming,Widowmaker,6,0.0178
JD Gaming,Juno,6,0.0178
JD Gaming,Reaper,6,0.0178
JD Gaming,Orisa,5,0.0148
JD Gaming,Pharah,5,0.0148
JD Gaming,Cassidy,4,0.0119
JD Gaming,Hanzo,3,0.0089
JD Gaming,Sigma,3,0.0089
JD Gaming,Venture,3,0.0089
JD Gaming,Mei,3,0.0089
JD Gaming,Genji,3,0.0089
JD Gaming,Echo,2,0.0059
JD Gaming,Zenyatta,2,0.0059
JD Gaming,Baptiste,2,0.0059
JD Gaming,Freja,2,0.0059
JD Gaming,Reinhardt,2,0.0059
JD Gaming,Illari,1,0.003
JD Gaming,Junker Queen,1,0.003
JD Gaming,Mercy,1,0.003
JD Gaming,Anran,1,0.003
JD Gaming,Mizuki,1,0.003
Lazuli,Brigitte,16,0.0812
Lazuli,Juno,16,0.0812
Lazuli,Sojourn,15,0.0761
Lazuli,Ramattra,15,0.0761
Lazuli,Symmetra,14,0.0711
Lazuli,Tracer,12,0.0609
Lazuli,Vendetta,12,0.0609
Lazuli,Kiriko,11,0.0558
Lazuli,Emre,10,0.0508
Lazuli,Cassidy,10,0.0508
Lazuli,Orisa,9,0.0457
Lazuli,Widowmaker,6,0.0305
Lazuli,Lúcio,6,0.0305
Lazuli,Doomfist,5,0.0254
Lazuli,Baptiste,5,0.0254
Lazuli,Ana,4,0.0203
Lazuli,Wuyang,4,0.0203
Lazuli,Winston,3,0.0152
Lazuli,Freja,3,0.0152
Lazuli,Jetpack Cat,3,0.0152
Lazuli,Reinhardt,3,0.0152
Lazuli,Mizuki,2,0.0102
Lazuli,Moira,2,0.0102
Lazuli,Hanzo,2,0.0102
Lazuli,Sombra,1,0.0051
Lazuli,Roadhog,1,0.0051
Lazuli,Wrecking Ball,1,0.0051
Lazuli,Sigma,1,0.0051
Lazuli,Lifeweaver,1,0.0051
Lazuli,Illari,1,0.0051
Lazuli,Mercy,1,0.0051
Lazuli,Genji,1,0.0051
Lazuli,Hazard,1,0.0051
LuneX Gaming,Kiriko,21,0.1235
LuneX Gaming,Lúcio,20,0.1176
LuneX Gaming,Tracer,17,0.1
LuneX Gaming,Orisa,13,0.0765
LuneX Gaming,Sojourn,12,0.0706
LuneX Gaming,Emre,11,0.0647
LuneX Gaming,Juno,11,0.0647
LuneX Gaming,Vendetta,10,0.0588
LuneX Gaming,Symmetra,10,0.0588
LuneX Gaming,Brigitte,8,0.0471
LuneX Gaming,Zarya,7,0.0412
LuneX Gaming,Reaper,5,0.0294
LuneX Gaming,Domina,4,0.0235
LuneX Gaming,Jetpack Cat,4,0.0235
LuneX Gaming,Freja,4,0.0235
LuneX Gaming,Doomfist,3,0.0176
LuneX Gaming,Illari,2,0.0118
LuneX Gaming,Cassidy,2,0.0118
LuneX Gaming,Wrecking Ball,2,0.0118
LuneX Gaming,Widowmaker,1,0.0059
LuneX Gaming,Zenyatta,1,0.0059
LuneX Gaming,Baptiste,1,0.0059
LuneX Gaming,Pharah,1,0.0059
MieMieYang,Tracer,15,0.1056
MieMieYang,Kiriko,13,0.0915
MieMieYang,Sojourn,12,0.0845
MieMieYang,D.Va,12,0.0845
MieMieYang,Symmetra,10,0.0704
MieMieYang,Emre,9,0.0634
MieMieYang,Lúcio,8,0.0563
MieMieYang,Illari,8,0.0563
MieMieYang,Widowmaker,7,0.0493
MieMieYang,Ana,7,0.0493
MieMieYang,Pharah,5,0.0352
MieMieYang,Echo,5,0.0352
MieMieYang,Orisa,5,0.0352
MieMieYang,Hanzo,4,0.0282
MieMieYang,Zarya,4,0.0282
MieMieYang,Jetpack Cat,4,0.0282
MieMieYang,Ramattra,3,0.0211
MieMieYang,Brigitte,2,0.0141
MieMieYang,Baptiste,2,0.0141
MieMieYang,Mizuki,1,0.007
MieMieYang,Winston,1,0.007
MieMieYang,Wrecking Ball,1,0.007
MieMieYang,Doomfist,1,0.007
MieMieYang,Reaper,1,0.007
MieMieYang,Torbjörn,1,0.007
MieMieYang,Bastion,1,0.007
Milk Tea,Kiriko,33,0.1107
Milk Tea,Lúcio,24,0.0805
Milk Tea,Juno,24,0.0805
Milk Tea,Symmetra,18,0.0604
Milk Tea,Cassidy,16,0.0537
Milk Tea,Sojourn,15,0.0503
Milk Tea,Emre,15,0.0503
Milk Tea,Mei,13,0.0436
Milk Tea,Zarya,11,0.0369
Milk Tea,Ramattra,11,0.0369
Milk Tea,Vendetta,10,0.0336
Milk Tea,Sigma,10,0.0336
Milk Tea,Tracer,8,0.0268
Milk Tea,D.Va,8,0.0268
Milk Tea,Ana,7,0.0235
Milk Tea,Illari,6,0.0201
Milk Tea,Orisa,5,0.0168
Milk Tea,Jetpack Cat,5,0.0168
Milk Tea,Doomfist,5,0.0168
Milk Tea,Hazard,4,0.0134
Milk Tea,Wrecking Ball,4,0.0134
Milk Tea,Brigitte,4,0.0134
Milk Tea,Freja,3,0.0101
Milk Tea,Echo,3,0.0101
Milk Tea,Widowmaker,3,0.0101
Milk Tea,Ashe,3,0.0101
Milk Tea,Baptiste,3,0.0101
Milk Tea,Wuyang,3,0.0101
Milk Tea,Pharah,3,0.0101
Milk Tea,Mauga,3,0.0101
Milk Tea,Bastion,3,0.0101
Milk Tea,Mercy,3,0.0101
Milk Tea,Reaper,2,0.0067
Milk Tea,Venture,2,0.0067
Milk Tea,Roadhog,2,0.0067
Milk Tea,Sierra,2,0.0067
Milk Tea,Genji,1,0.0034
Milk Tea,Mizuki,1,0.0034
Milk Tea,Soldier: 76,1,0.0034
Milk Tea,Winston,1,0.0034
Naive Piggy,Vendetta,24,0.0839
Naive Piggy,Kiriko,24,0.0839
Naive Piggy,Juno,23,0.0804
Naive Piggy,Emre,21,0.0734
Naive Piggy,Tracer,21,0.0734
Naive Piggy,Sojourn,18,0.0629
Naive Piggy,Symmetra,18,0.0629
Naive Piggy,D.Va,18,0.0629
Naive Piggy,Lúcio,17,0.0594
Naive Piggy,Orisa,16,0.0559
Naive Piggy,Brigitte,16,0.0559
Naive Piggy,Zarya,14,0.049
Naive Piggy,Cassidy,8,0.028
Naive Piggy,Illari,7,0.0245
Naive Piggy,Pharah,6,0.021
Naive Piggy,Baptiste,6,0.021
Naive Piggy,Reaper,5,0.0175
Naive Piggy,Ana,4,0.014
Naive Piggy,Wuyang,3,0.0105
Naive Piggy,Ashe,3,0.0105
Naive Piggy,Hazard,3,0.0105
Naive Piggy,Bastion,2,0.007
Naive Piggy,Genji,2,0.007
Naive Piggy,Widowmaker,2,0.007
Naive Piggy,Reinhardt,1,0.0035
Naive Piggy,Winston,1,0.0035
Naive Piggy,Ramattra,1,0.0035
Naive Piggy,Sigma,1,0.0035
Naive Piggy,Zenyatta,1,0.0035
New Era,Tracer,15,0.0806
New Era,Kiriko,15,0.0806
New Era,Emre,14,0.0753
New Era,Brigitte,13,0.0699
New Era,Sojourn,11,0.0591
New Era,Ana,11,0.0591
New Era,Lúcio,11,0.0591
New Era,Symmetra,10,0.0538
New Era,Vendetta,9,0.0484
New Era,D.Va,9,0.0484
New Era,Genji,8,0.043
New Era,Juno,8,0.043
New Era,Zarya,6,0.0323
New Era,Cassidy,6,0.0323
New Era,Widowmaker,6,0.0323
New Era,Wuyang,4,0.0215
New Era,Illari,4,0.0215
New Era,Orisa,4,0.0215
New Era,Hazard,4,0.0215
New Era,Wrecking Ball,4,0.0215
New Era,Venture,2,0.0108
New Era,Hanzo,2,0.0108
New Era,Zenyatta,2,0.0108
New Era,Domina,1,0.0054
New Era,Mercy,1,0.0054
New Era,Jetpack Cat,1,0.0054
New Era,Anran,1,0.0054
New Era,Baptiste,1,0.0054
New Era,Mizuki,1,0.0054
New Era,Winston,1,0.0054
New Era,Doomfist,1,0.0054
Nyam Gaming,Kiriko,23,0.1022
Nyam Gaming,Emre,20,0.0889
Nyam Gaming,Vendetta,20,0.0889
Nyam Gaming,Symmetra,18,0.08
Nyam Gaming,Lúcio,18,0.08
Nyam Gaming,Tracer,16,0.0711
Nyam Gaming,Zarya,16,0.0711
Nyam Gaming,D.Va,14,0.0622
Nyam Gaming,Wuyang,12,0.0533
Nyam Gaming,Juno,10,0.0444
Nyam Gaming,Sojourn,8,0.0356
Nyam Gaming,Brigitte,8,0.0356
Nyam Gaming,Widowmaker,7,0.0311
Nyam Gaming,Ana,7,0.0311
Nyam Gaming,Hazard,6,0.0267
Nyam Gaming,Echo,4,0.0178
Nyam Gaming,Venture,2,0.0089
Nyam Gaming,Mizuki,2,0.0089
Nyam Gaming,Orisa,2,0.0089
Nyam Gaming,Cassidy,2,0.0089
Nyam Gaming,Lifeweaver,2,0.0089
Nyam Gaming,Sigma,2,0.0089
Nyam Gaming,Wrecking Ball,1,0.0044
Nyam Gaming,Pharah,1,0.0044
Nyam Gaming,Torbjörn,1,0.0044
Nyam Gaming,Freja,1,0.0044
Nyam Gaming,Mercy,1,0.0044
Nyam Gaming,Jetpack Cat,1,0.0044
Please Not Hero Ban,Kiriko,28,0.1181
Please Not Hero Ban,Symmetra,25,0.1055
Please Not Hero Ban,Cassidy,24,0.1013
Please Not Hero Ban,D.Va,18,0.0759
Please Not Hero Ban,Emre,17,0.0717
Please Not Hero Ban,Lúcio,17,0.0717
Please Not Hero Ban,Tracer,12,0.0506
Please Not Hero Ban,Orisa,11,0.0464
Please Not Hero Ban,Vendetta,9,0.038
Please Not Hero Ban,Illari,8,0.0338
Please Not Hero Ban,Baptiste,7,0.0295
Please Not Hero Ban,Juno,7,0.0295
Please Not Hero Ban,Mizuki,5,0.0211
Please Not Hero Ban,Zarya,5,0.0211
Please Not Hero Ban,Ana,5,0.0211
Please Not Hero Ban,Sojourn,4,0.0169
Please Not Hero Ban,Brigitte,4,0.0169
Please Not Hero Ban,Mauga,4,0.0169
Please Not Hero Ban,Ramattra,3,0.0127
Please Not Hero Ban,Wrecking Ball,3,0.0127
Please Not Hero Ban,Jetpack Cat,3,0.0127
Please Not Hero Ban,Echo,3,0.0127
Please Not Hero Ban,Torbjörn,3,0.0127
Please Not Hero Ban,Reaper,2,0.0084
Please Not Hero Ban,Widowmaker,2,0.0084
Please Not Hero Ban,Winston,2,0.0084
Please Not Hero Ban,Hazard,2,0.0084
Please Not Hero Ban,Ashe,1,0.0042
Please Not Hero Ban,Sigma,1,0.0042
Please Not Hero Ban,Wuyang,1,0.0042
Please Not Hero Ban,Mei,1,0.0042
Poker Face,Kiriko,22,0.0948
Poker Face,Lúcio,22,0.0948
Poker Face,Emre,18,0.0776
Poker Face,Symmetra,16,0.069
Poker Face,Tracer,16,0.069
Poker Face,Widowmaker,14,0.0603
Poker Face,Vendetta,12,0.0517
Poker Face,Zarya,12,0.0517
Poker Face,Hazard,10,0.0431
Poker Face,D.Va,9,0.0388
Poker Face,Sojourn,8,0.0345
Poker Face,Juno,8,0.0345
Poker Face,Ana,6,0.0259
Poker Face,Jetpack Cat,6,0.0259
Poker Face,Wrecking Ball,5,0.0216
Poker Face,Wuyang,5,0.0216
Poker Face,Mauga,5,0.0216
Poker Face,Hanzo,4,0.0172
Poker Face,Echo,4,0.0172
Poker Face,Pharah,4,0.0172
Poker Face,Bastion,4,0.0172
Poker Face,Cassidy,3,0.0129
Poker Face,Ramattra,3,0.0129
Poker Face,Mei,2,0.0086
Poker Face,Illari,2,0.0086
Poker Face,Brigitte,2,0.0086
Poker Face,Winston,2,0.0086
Poker Face,Sierra,2,0.0086
Poker Face,Baptiste,1,0.0043
Poker Face,Orisa,1,0.0043
Poker Face,Zenyatta,1,0.0043
Poker Face,Venture,1,0.0043
Poker Face,Doomfist,1,0.0043
Poker Face,Reaper,1,0.0043
Quasar Esports,Kiriko,19,0.1203
Quasar Esports,Tracer,18,0.1139
Quasar Esports,Sojourn,13,0.0823
Quasar Esports,D.Va,11,0.0696
Quasar Esports,Lúcio,11,0.0696
Quasar Esports,Cassidy,10,0.0633
Quasar Esports,Symmetra,10,0.0633
Quasar Esports,Emre,8,0.0506
Quasar Esports,Ana,8,0.0506
Quasar Esports,Mizuki,6,0.038
Quasar Esports,Winston,6,0.038
Quasar Esports,Juno,4,0.0253
Quasar Esports,Vendetta,3,0.019
Quasar Esports,Jetpack Cat,3,0.019
Quasar Esports,Baptiste,3,0.019
Quasar Esports,Zarya,2,0.0127
Quasar Esports,Hanzo,2,0.0127
Quasar Esports,Widowmaker,2,0.0127
Quasar Esports,Genji,2,0.0127
Quasar Esports,Ramattra,2,0.0127
Quasar Esports,Ashe,2,0.0127
Quasar Esports,Mei,2,0.0127
Quasar Esports,Domina,2,0.0127
Quasar Esports,Bastion,2,0.0127
Quasar Esports,Illari,1,0.0063
Quasar Esports,Wuyang,1,0.0063
Quasar Esports,Soldier: 76,1,0.0063
Quasar Esports,Roadhog,1,0.0063
Quasar Esports,Orisa,1,0.0063
Quasar Esports,Mauga,1,0.0063
Quasar Esports,Reaper,1,0.0063
Rankers,Kiriko,17,0.1133
Rankers,Reaper,14,0.0933
Rankers,Illari,13,0.0867
Rankers,D.Va,12,0.08
Rankers,Zarya,11,0.0733
Rankers,Symmetra,10,0.0667
Rankers,Tracer,10,0.0667
Rankers,Ana,10,0.0667
Rankers,Echo,7,0.0467
Rankers,Brigitte,7,0.0467
Rankers,Sojourn,6,0.04
Rankers,Emre,5,0.0333
Rankers,Cassidy,5,0.0333
Rankers,Mauga,4,0.0267
Rankers,Baptiste,4,0.0267
Rankers,Wuyang,3,0.02
Rankers,Mizuki,3,0.02
Rankers,Pharah,2,0.0133
Rankers,Lúcio,2,0.0133
Rankers,Ashe,1,0.0067
Rankers,Juno,1,0.0067
Rankers,Torbjörn,1,0.0067
Rankers,Hanzo,1,0.0067
Rankers,Winston,1,0.0067
RØDE ONSIDE GAMING,Kiriko,37,0.1042
RØDE ONSIDE GAMING,Emre,31,0.0873
RØDE ONSIDE GAMING,Lúcio,31,0.0873
RØDE ONSIDE GAMING,Tracer,27,0.0761
RØDE ONSIDE GAMING,Symmetra,27,0.0761
RØDE ONSIDE GAMING,D.Va,22,0.062
RØDE ONSIDE GAMING,Sojourn,19,0.0535
RØDE ONSIDE GAMING,Zarya,18,0.0507
RØDE ONSIDE GAMING,Vendetta,16,0.0451
RØDE ONSIDE GAMING,Pharah,12,0.0338
RØDE ONSIDE GAMING,Brigitte,12,0.0338
RØDE ONSIDE GAMING,Hazard,10,0.0282
RØDE ONSIDE GAMING,Ana,9,0.0254
RØDE ONSIDE GAMING,Juno,8,0.0225
RØDE ONSIDE GAMING,Genji,7,0.0197
RØDE ONSIDE GAMING,Widowmaker,7,0.0197
RØDE ONSIDE GAMING,Wuyang,7,0.0197
RØDE ONSIDE GAMING,Jetpack Cat,6,0.0169
RØDE ONSIDE GAMING,Bastion,6,0.0169
RØDE ONSIDE GAMING,Mei,5,0.0141
RØDE ONSIDE GAMING,Doomfist,4,0.0113
RØDE ONSIDE GAMING,Winston,4,0.0113
RØDE ONSIDE GAMING,Mauga,4,0.0113
RØDE ONSIDE GAMING,Cassidy,3,0.0085
RØDE ONSIDE GAMING,Ramattra,3,0.0085
RØDE ONSIDE GAMING,Venture,2,0.0056
RØDE ONSIDE GAMING,Orisa,2,0.0056
RØDE ONSIDE GAMING,Mercy,2,0.0056
RØDE ONSIDE GAMING,Torbjörn,2,0.0056
RØDE ONSIDE GAMING,Sierra,2,0.0056
RØDE ONSIDE GAMING,Reaper,2,0.0056
RØDE ONSIDE GAMING,Sombra,2,0.0056
RØDE ONSIDE GAMING,Baptiste,2,0.0056
RØDE ONSIDE GAMING,Wrecking Ball,1,0.0028
RØDE ONSIDE GAMING,Mizuki,1,0.0028
RØDE ONSIDE GAMING,Anran,1,0.0028
RØDE ONSIDE GAMING,Reinhardt,1,0.0028
SV,Kiriko,29,0.1107
SV,Emre,24,0.0916
SV,Lúcio,23,0.0878
SV,Vendetta,19,0.0725
SV,D.Va,18,0.0687
SV,Symmetra,17,0.0649
SV,Zarya,17,0.0649
SV,Tracer,16,0.0611
SV,Sojourn,12,0.0458
SV,Widowmaker,9,0.0344
SV,Wuyang,9,0.0344
SV,Juno,8,0.0305
SV,Illari,6,0.0229
SV,Orisa,6,0.0229
SV,Baptiste,5,0.0191
SV,Junker Queen,5,0.0191
SV,Ana,4,0.0153
SV,Pharah,4,0.0153
SV,Mei,4,0.0153
SV,Hanzo,3,0.0115
SV,Bastion,3,0.0115
SV,Sigma,2,0.0076
SV,Brigitte,2,0.0076
SV,Ramattra,2,0.0076
SV,Cassidy,2,0.0076
SV,Mauga,2,0.0076
SV,Roadhog,2,0.0076
SV,Jetpack Cat,2,0.0076
SV,Freja,1,0.0038
SV,Mercy,1,0.0038
SV,Reaper,1,0.0038
SV,Genji,1,0.0038
SV,Sierra,1,0.0038
SV,Reinhardt,1,0.0038
SV,Hazard,1,0.0038
Spacestation Gaming,Lúcio,31,0.1
Spacestation Gaming,Kiriko,30,0.0968
Spacestation Gaming,Emre,28,0.0903
Spacestation Gaming,Tracer,27,0.0871
Spacestation Gaming,D.Va,26,0.0839
Spacestation Gaming,Symmetra,22,0.071
Spacestation Gaming,Juno,19,0.0613
Spacestation Gaming,Zarya,17,0.0548
Spacestation Gaming,Cassidy,11,0.0355
Spacestation Gaming,Sojourn,11,0.0355
Spacestation Gaming,Widowmaker,10,0.0323
Spacestation Gaming,Brigitte,10,0.0323
Spacestation Gaming,Vendetta,9,0.029
Spacestation Gaming,Wuyang,6,0.0194
Spacestation Gaming,Orisa,6,0.0194
Spacestation Gaming,Ramattra,5,0.0161
Spacestation Gaming,Jetpack Cat,5,0.0161
Spacestation Gaming,Pharah,4,0.0129
Spacestation Gaming,Hazard,4,0.0129
Spacestation Gaming,Echo,4,0.0129
Spacestation Gaming,Baptiste,4,0.0129
Spacestation Gaming,Mauga,4,0.0129
Spacestation Gaming,Ana,4,0.0129
Spacestation Gaming,Doomfist,4,0.0129
Spacestation Gaming,Genji,3,0.0097
Spacestation Gaming,Sigma,2,0.0065
Spacestation Gaming,Hanzo,2,0.0065
Spacestation Gaming,Venture,1,0.0032
Spacestation Gaming,Zenyatta,1,0.0032
T1,Kiriko,29,0.0954
T1,Lúcio,29,0.0954
T1,Vendetta,21,0.0691
T1,Emre,20,0.0658
T1,Symmetra,20,0.0658
T1,Sojourn,18,0.0592
T1,Tracer,18,0.0592
T1,D.Va,14,0.0461
T1,Zarya,14,0.0461
T1,Juno,13,0.0428
T1,Ana,9,0.0296
T1,Wrecking Ball,9,0.0296
T1,Wuyang,8,0.0263
T1,Domina,7,0.023
T1,Jetpack Cat,7,0.023
T1,Sigma,5,0.0164
T1,Echo,5,0.0164
T1,Orisa,5,0.0164
T1,Mauga,5,0.0164
T1,Widowmaker,4,0.0132
T1,Baptiste,4,0.0132
T1,Brigitte,4,0.0132
T1,Hazard,4,0.0132
T1,Genji,3,0.0099
T1,Pharah,3,0.0099
T1,Venture,3,0.0099
T1,Anran,2,0.0066
T1,Mizuki,2,0.0066
T1,Sombra,2,0.0066
T1,Doomfist,2,0.0066
T1,Ramattra,2,0.0066
T1,Roadhog,2,0.0066
T1,Junker Queen,2,0.0066
T1,Bastion,2,0.0066
T1,Reinhardt,1,0.0033
T1,Mercy,1,0.0033
T1,Moira,1,0.0033
T1,Illari,1,0.0033
T1,Lifeweaver,1,0.0033
T1,Winston,1,0.0033
T1,Reaper,1,0.0033
TOKYO TAIYOs,Kiriko,25,0.1
TOKYO TAIYOs,Lúcio,20,0.08
TOKYO TAIYOs,Cassidy,19,0.076
TOKYO TAIYOs,Symmetra,19,0.076
TOKYO TAIYOs,Tracer,17,0.068
TOKYO TAIYOs,Mei,12,0.048
TOKYO TAIYOs,D.Va,12,0.048
TOKYO TAIYOs,Sigma,12,0.048
TOKYO TAIYOs,Baptiste,11,0.044
TOKYO TAIYOs,Bastion,10,0.04
TOKYO TAIYOs,Ramattra,10,0.04
TOKYO TAIYOs,Widowmaker,9,0.036
TOKYO TAIYOs,Emre,7,0.028
TOKYO TAIYOs,Wuyang,6,0.024
TOKYO TAIYOs,Juno,6,0.024
TOKYO TAIYOs,Lifeweaver,5,0.02
TOKYO TAIYOs,Sojourn,4,0.016
TOKYO TAIYOs,Roadhog,4,0.016
TOKYO TAIYOs,Mauga,4,0.016
TOKYO TAIYOs,Illari,4,0.016
TOKYO TAIYOs,Brigitte,4,0.016
TOKYO TAIYOs,Ashe,3,0.012
TOKYO TAIYOs,Jetpack Cat,3,0.012
TOKYO TAIYOs,Ana,3,0.012
TOKYO TAIYOs,Vendetta,3,0.012
TOKYO TAIYOs,Mercy,3,0.012
TOKYO TAIYOs,Soldier: 76,2,0.008
TOKYO TAIYOs,Zarya,2,0.008
TOKYO TAIYOs,Doomfist,2,0.008
TOKYO TAIYOs,Hazard,2,0.008
TOKYO TAIYOs,Winston,1,0.004
TOKYO TAIYOs,Wrecking Ball,1,0.004
TOKYO TAIYOs,Hanzo,1,0.004
TOKYO TAIYOs,Mizuki,1,0.004
TOKYO TAIYOs,Pharah,1,0.004
TOKYO TAIYOs,Zenyatta,1,0.004
TOKYO TAIYOs,Genji,1,0.004
Team Falcons,Kiriko,44,0.1095
Team Falcons,Lúcio,36,0.0896
Team Falcons,Juno,34,0.0846
Team Falcons,Symmetra,33,0.0821
Team Falcons,D.Va,27,0.0672
Team Falcons,Emre,22,0.0547
Team Falcons,Sojourn,20,0.0498
Team Falcons,Vendetta,18,0.0448
Team Falcons,Jetpack Cat,18,0.0448
Team Falcons,Tracer,18,0.0448
Team Falcons,Zarya,16,0.0398
Team Falcons,Cassidy,15,0.0373
Team Falcons,Brigitte,11,0.0274
Team Falcons,Domina,9,0.0224
Team Falcons,Bastion,8,0.0199
Team Falcons,Widowmaker,7,0.0174
Team Falcons,Pharah,6,0.0149
Team Falcons,Ramattra,6,0.0149
Team Falcons,Hanzo,5,0.0124
Team Falcons,Ana,5,0.0124
Team Falcons,Mei,4,0.01
Team Falcons,Genji,4,0.01
Team Falcons,Baptiste,4,0.01
Team Falcons,Anran,3,0.0075
Team Falcons,Mizuki,3,0.0075
Team Falcons,Torbjörn,3,0.0075
Team Falcons,Mauga,3,0.0075
Team Falcons,Wuyang,2,0.005
Team Falcons,Lifeweaver,2,0.005
Team Falcons,Winston,2,0.005
Team Falcons,Reaper,2,0.005
Team Falcons,Sigma,2,0.005
Team Falcons,Echo,2,0.005
Team Falcons,Orisa,2,0.005
Team Falcons,Illari,1,0.0025
Team Falcons,Moira,1,0.0025
Team Falcons,Venture,1,0.0025
Team Falcons,Wrecking Ball,1,0.0025
Team Falcons,Reinhardt,1,0.0025
Team Falcons,Doomfist,1,0.0025
Team Liquid,Kiriko,33,0.1025
Team Liquid,Tracer,29,0.0901
Team Liquid,Emre,25,0.0776
Team Liquid,Lúcio,21,0.0652
Team Liquid,Vendetta,18,0.0559
Team Liquid,Juno,17,0.0528
Team Liquid,Symmetra,16,0.0497
Team Liquid,Brigitte,15,0.0466
Team Liquid,Sojourn,13,0.0404
Team Liquid,Widowmaker,12,0.0373
Team Liquid,D.Va,12,0.0373
Team Liquid,Orisa,12,0.0373
Team Liquid,Wrecking Ball,10,0.0311
Team Liquid,Jetpack Cat,8,0.0248
Team Liquid,Mauga,8,0.0248
Team Liquid,Genji,7,0.0217
Team Liquid,Domina,7,0.0217
Team Liquid,Pharah,7,0.0217
Team Liquid,Cassidy,7,0.0217
Team Liquid,Zarya,6,0.0186
Team Liquid,Wuyang,5,0.0155
Team Liquid,Winston,5,0.0155
Team Liquid,Sigma,4,0.0124
Team Liquid,Illari,4,0.0124
Team Liquid,Echo,3,0.0093
Team Liquid,Ana,3,0.0093
Team Liquid,Anran,2,0.0062
Team Liquid,Mizuki,2,0.0062
Team Liquid,Sombra,2,0.0062
Team Liquid,Ramattra,2,0.0062
Team Liquid,Venture,2,0.0062
Team Liquid,Lifeweaver,1,0.0031
Team Liquid,Hanzo,1,0.0031
Team Liquid,Baptiste,1,0.0031
Team Liquid,Bastion,1,0.0031
Team Liquid,Reinhardt,1,0.0031
Team Peps,Lúcio,26,0.0985
Team Peps,Tracer,24,0.0909
Team Peps,Kiriko,21,0.0795
Team Peps,Vendetta,20,0.0758
Team Peps,Emre,18,0.0682
Team Peps,Sojourn,15,0.0568
Team Peps,Juno,15,0.0568
Team Peps,Zarya,14,0.053
Team Peps,D.Va,10,0.0379
Team Peps,Hazard,8,0.0303
Team Peps,Brigitte,8,0.0303
Team Peps,Jetpack Cat,7,0.0265
Team Peps,Ana,7,0.0265
Team Peps,Mauga,7,0.0265
Team Peps,Domina,6,0.0227
Team Peps,Wrecking Ball,6,0.0227
Team Peps,Genji,6,0.0227
Team Peps,Winston,6,0.0227
Team Peps,Widowmaker,5,0.0189
Team Peps,Wuyang,4,0.0152
Team Peps,Baptiste,4,0.0152
Team Peps,Zenyatta,4,0.0152
Team Peps,Freja,3,0.0114
Team Peps,Hanzo,3,0.0114
Team Peps,Mizuki,3,0.0114
Team Peps,Symmetra,3,0.0114
Team Peps,Pharah,3,0.0114
Team Peps,Anran,2,0.0076
Team Peps,Ramattra,2,0.0076
Team Peps,Ashe,1,0.0038
Team Peps,Mercy,1,0.0038
Team Peps,Lifeweaver,1,0.0038
Team Peps,Soldier: 76,1,0.0038
Team Secret,Tracer,13,0.1024
Team Secret,Wrecking Ball,11,0.0866
Team Secret,Emre,10,0.0787
Team Secret,Symmetra,10,0.0787
Team Secret,Kiriko,7,0.0551
Team Secret,Lúcio,7,0.0551
Team Secret,Juno,7,0.0551
Team Secret,Illari,7,0.0551
Team Secret,Brigitte,6,0.0472
Team Secret,Mizuki,6,0.0472
Team Secret,Baptiste,5,0.0394
Team Secret,Sojourn,4,0.0315
Team Secret,Ana,4,0.0315
Team Secret,Vendetta,4,0.0315
Team Secret,Widowmaker,3,0.0236
Team Secret,D.Va,3,0.0236
Team Secret,Cassidy,2,0.0157
Team Secret,Genji,2,0.0157
Team Secret,Echo,2,0.0157
Team Secret,Jetpack Cat,2,0.0157
Team Secret,Zenyatta,2,0.0157
Team Secret,Hazard,2,0.0157
Team Secret,Reaper,1,0.0079
Team Secret,Ramattra,1,0.0079
Team Secret,Moira,1,0.0079
Team Secret,Mercy,1,0.0079
Team Secret,Doomfist,1,0.0079
Team Secret,Winston,1,0.0079
Team Secret,Sierra,1,0.0079
Team Secret,Hanzo,1,0.0079
Telomere,Kiriko,18,0.0891
Telomere,Tracer,16,0.0792
Telomere,Brigitte,14,0.0693
Telomere,Sojourn,13,0.0644
Telomere,Lúcio,13,0.0644
Telomere,Symmetra,12,0.0594
Telomere,Vendetta,11,0.0545
Telomere,Emre,11,0.0545
Telomere,Juno,11,0.0545
Telomere,Cassidy,9,0.0446
Telomere,Winston,9,0.0446
Telomere,D.Va,8,0.0396
Telomere,Ramattra,8,0.0396
Telomere,Ana,6,0.0297
Telomere,Baptiste,5,0.0248
Telomere,Mei,4,0.0198
Telomere,Zarya,4,0.0198
Telomere,Moira,4,0.0198
Telomere,Reinhardt,3,0.0149
Telomere,Wuyang,3,0.0149
Telomere,Genji,3,0.0149
Telomere,Ashe,2,0.0099
Telomere,Echo,2,0.0099
Telomere,Widowmaker,2,0.0099
Telomere,Hazard,2,0.0099
Telomere,Mauga,2,0.0099
Telomere,Sigma,1,0.005
Telomere,Mizuki,1,0.005
Telomere,Doomfist,1,0.005
Telomere,Wrecking Ball,1,0.005
Telomere,Illari,1,0.005
Telomere,Orisa,1,0.005
Telomere,Junker Queen,1,0.005
The Gatos Guapos,Emre,12,0.0916
The Gatos Guapos,D.Va,12,0.0916
The Gatos Guapos,Kiriko,12,0.0916
The Gatos Guapos,Lúcio,11,0.084
The Gatos Guapos,Tracer,9,0.0687
The Gatos Guapos,Symmetra,8,0.0611
The Gatos Guapos,Vendetta,7,0.0534
The Gatos Guapos,Juno,6,0.0458
The Gatos Guapos,Anran,5,0.0382
The Gatos Guapos,Ana,5,0.0382
The Gatos Guapos,Illari,5,0.0382
The Gatos Guapos,Hazard,4,0.0305
The Gatos Guapos,Jetpack Cat,4,0.0305
The Gatos Guapos,Sojourn,4,0.0305
The Gatos Guapos,Zarya,3,0.0229
The Gatos Guapos,Cassidy,3,0.0229
The Gatos Guapos,Ramattra,3,0.0229
The Gatos Guapos,Widowmaker,2,0.0153
The Gatos Guapos,Reinhardt,2,0.0153
The Gatos Guapos,Pharah,2,0.0153
The Gatos Guapos,Doomfist,2,0.0153
The Gatos Guapos,Brigitte,2,0.0153
The Gatos Guapos,Mizuki,1,0.0076
The Gatos Guapos,Hanzo,1,0.0076
The Gatos Guapos,Venture,1,0.0076
The Gatos Guapos,Reaper,1,0.0076
The Gatos Guapos,Genji,1,0.0076
The Gatos Guapos,Bastion,1,0.0076
The Gatos Guapos,Soldier: 76,1,0.0076
The Gatos Guapos,Mauga,1,0.0076
Twisted Minds,Lúcio,29,0.1103
Twisted Minds,Kiriko,29,0.1103
Twisted Minds,Emre,28,0.1065
Twisted Minds,Tracer,25,0.0951
Twisted Minds,Juno,24,0.0913
Twisted Minds,Zarya,19,0.0722
Twisted Minds,Vendetta,17,0.0646
Twisted Minds,D.Va,17,0.0646
Twisted Minds,Sojourn,11,0.0418
Twisted Minds,Widowmaker,8,0.0304
Twisted Minds,Pharah,7,0.0266
Twisted Minds,Domina,5,0.019
Twisted Minds,Jetpack Cat,4,0.0152
Twisted Minds,Brigitte,4,0.0152
Twisted Minds,Anran,3,0.0114
Twisted Minds,Mizuki,3,0.0114
Twisted Minds,Ana,3,0.0114
Twisted Minds,Symmetra,3,0.0114
Twisted Minds,Illari,3,0.0114
Twisted Minds,Wrecking Ball,2,0.0076
Twisted Minds,Wuyang,2,0.0076
Twisted Minds,Genji,2,0.0076
Twisted Minds,Mercy,2,0.0076
Twisted Minds,Sigma,2,0.0076
Twisted Minds,Baptiste,2,0.0076
Twisted Minds,Cassidy,1,0.0038
Twisted Minds,Sombra,1,0.0038
Twisted Minds,Zenyatta,1,0.0038
Twisted Minds,Echo,1,0.0038
Twisted Minds,Orisa,1,0.0038
Twisted Minds,Ramattra,1,0.0038
Twisted Minds,Hanzo,1,0.0038
Twisted Minds,Mauga,1,0.0038
Twisted Minds,Hazard,1,0.0038
VARREL,Emre,27,0.1011
VARREL,D.Va,20,0.0749
VARREL,Tracer,19,0.0712
VARREL,Jetpack Cat,19,0.0712
VARREL,Kiriko,18,0.0674
VARREL,Symmetra,18,0.0674
VARREL,Vendetta,16,0.0599
VARREL,Wuyang,14,0.0524
VARREL,Ana,13,0.0487
VARREL,Hazard,13,0.0487
VARREL,Illari,11,0.0412
VARREL,Zarya,7,0.0262
VARREL,Echo,7,0.0262
VARREL,Orisa,7,0.0262
VARREL,Cassidy,6,0.0225
VARREL,Sojourn,5,0.0187
VARREL,Baptiste,5,0.0187
VARREL,Ramattra,4,0.015
VARREL,Juno,4,0.015
VARREL,Widowmaker,3,0.0112
VARREL,Brigitte,3,0.0112
VARREL,Winston,3,0.0112
VARREL,Wrecking Ball,3,0.0112
VARREL,Freja,2,0.0075
VARREL,Anran,2,0.0075
VARREL,Venture,2,0.0075
VARREL,Domina,2,0.0075
VARREL,Mizuki,2,0.0075
VARREL,Bastion,2,0.0075
VARREL,Genji,2,0.0075
VARREL,Pharah,2,0.0075
VARREL,Sigma,2,0.0075
VARREL,Ashe,1,0.0037
VARREL,Mei,1,0.0037
VARREL,Lúcio,1,0.0037
VARREL,Hanzo,1,0.0037
Virtus.pro,Emre,34,0.1181
Virtus.pro,Kiriko,31,0.1076
Virtus.pro,Tracer,28,0.0972
Virtus.pro,Lúcio,28,0.0972
Virtus.pro,Zarya,25,0.0868
Virtus.pro,Vendetta,20,0.0694
Virtus.pro,D.Va,13,0.0451
Virtus.pro,Juno,11,0.0382
Virtus.pro,Brigitte,11,0.0382
Virtus.pro,Jetpack Cat,10,0.0347
Virtus.pro,Symmetra,9,0.0312
Virtus.pro,Widowmaker,9,0.0312
Virtus.pro,Domina,7,0.0243
Virtus.pro,Pharah,7,0.0243
Virtus.pro,Sojourn,6,0.0208
Virtus.pro,Doomfist,5,0.0174
Virtus.pro,Cassidy,4,0.0139
Virtus.pro,Hazard,4,0.0139
Virtus.pro,Mauga,4,0.0139
Virtus.pro,Echo,3,0.0104
Virtus.pro,Baptiste,3,0.0104
Virtus.pro,Wrecking Ball,3,0.0104
Virtus.pro,Anran,2,0.0069
Virtus.pro,Mizuki,2,0.0069
Virtus.pro,Hanzo,1,0.0035
Virtus.pro,Reinhardt,1,0.0035
Virtus.pro,Zenyatta,1,0.0035
Virtus.pro,Illari,1,0.0035
Virtus.pro,Wuyang,1,0.0035
Virtus.pro,Ramattra,1,0.0035
Virtus.pro,Mercy,1,0.0035
Virtus.pro,Bastion,1,0.0035
Virtus.pro,Ana,1,0.0035
Weibo Gaming,Kiriko,35,0.1014
Weibo Gaming,Lúcio,27,0.0783
Weibo Gaming,Emre,22,0.0638
Weibo Gaming,Symmetra,22,0.0638
Weibo Gaming,Tracer,20,0.058
Weibo Gaming,Sojourn,19,0.0551
Weibo Gaming,Jetpack Cat,19,0.0551
Weibo Gaming,Zarya,16,0.0464
Weibo Gaming,Ana,15,0.0435
Weibo Gaming,Vendetta,14,0.0406
Weibo Gaming,Juno,14,0.0406
Weibo Gaming,Mauga,11,0.0319
Weibo Gaming,Pharah,10,0.029
Weibo Gaming,Bastion,10,0.029
Weibo Gaming,D.Va,9,0.0261
Weibo Gaming,Brigitte,8,0.0232
Weibo Gaming,Hazard,8,0.0232
Weibo Gaming,Illari,7,0.0203
Weibo Gaming,Baptiste,6,0.0174
Weibo Gaming,Winston,6,0.0174
Weibo Gaming,Sigma,4,0.0116
Weibo Gaming,Wuyang,4,0.0116
Weibo Gaming,Widowmaker,4,0.0116
Weibo Gaming,Sierra,4,0.0116
Weibo Gaming,Venture,3,0.0087
Weibo Gaming,Doomfist,3,0.0087
Weibo Gaming,Genji,3,0.0087
Weibo Gaming,Reaper,3,0.0087
Weibo Gaming,Anran,2,0.0058
Weibo Gaming,Domina,2,0.0058
Weibo Gaming,Orisa,2,0.0058
Weibo Gaming,Mei,2,0.0058
Weibo Gaming,Ramattra,2,0.0058
Weibo Gaming,Cassidy,2,0.0058
Weibo Gaming,Ashe,1,0.0029
Weibo Gaming,Freja,1,0.0029
Weibo Gaming,Mizuki,1,0.0029
Weibo Gaming,Mercy,1,0.0029
Weibo Gaming,Hanzo,1,0.0029
Weibo Gaming,Echo,1,0.0029
Weibo Gaming,Wrecking Ball,1,0.0029
ZAN Esports,Kiriko,27,0.1047
ZAN Esports,Lúcio,26,0.1008
ZAN Esports,Vendetta,17,0.0659
ZAN Esports,Sojourn,16,0.062
ZAN Esports,Emre,16,0.062
ZAN Esports,Tracer,15,0.0581
ZAN Esports,D.Va,15,0.0581
ZAN Esports,Juno,14,0.0543
ZAN Esports,Symmetra,13,0.0504
ZAN Esports,Zarya,12,0.0465
ZAN Esports,Doomfist,11,0.0426
ZAN Esports,Hazard,9,0.0349
ZAN Esports,Bastion,7,0.0271
ZAN Esports,Pharah,6,0.0233
ZAN Esports,Ana,6,0.0233
ZAN Esports,Wrecking Ball,5,0.0194
ZAN Esports,Brigitte,5,0.0194
ZAN Esports,Jetpack Cat,5,0.0194
ZAN Esports,Orisa,3,0.0116
ZAN Esports,Genji,3,0.0116
ZAN Esports,Cassidy,3,0.0116
ZAN Esports,Mei,3,0.0116
ZAN Esports,Widowmaker,3,0.0116
ZAN Esports,Venture,2,0.0078
ZAN Esports,Ramattra,2,0.0078
ZAN Esports,Winston,2,0.0078
ZAN Esports,Lifeweaver,2,0.0078
ZAN Esports,Sigma,2,0.0078
ZAN Esports,Illari,2,0.0078
ZAN Esports,Echo,1,0.0039
ZAN Esports,Wuyang,1,0.0039
ZAN Esports,Baptiste,1,0.0039
ZAN Esports,Anran,1,0.0039
ZAN Esports,Reinhardt,1,0.0039
ZAN Esports,Mauga,1,0.0039
ZETA DIVISION,Tracer,31,0.0864
ZETA DIVISION,Symmetra,26,0.0724
ZETA DIVISION,Ana,22,0.0613
ZETA DIVISION,Emre,19,0.0529
ZETA DIVISION,Sojourn,16,0.0446
ZETA DIVISION,Kiriko,16,0.0446
ZETA DIVISION,Jetpack Cat,16,0.0446
ZETA DIVISION,D.Va,15,0.0418
ZETA DIVISION,Lúcio,15,0.0418
ZETA DIVISION,Illari,15,0.0418
ZETA DIVISION,Juno,14,0.039
ZETA DIVISION,Cassidy,12,0.0334
ZETA DIVISION,Zarya,11,0.0306
ZETA DIVISION,Wrecking Ball,11,0.0306
ZETA DIVISION,Mei,10,0.0279
ZETA DIVISION,Winston,9,0.0251
ZETA DIVISION,Vendetta,8,0.0223
ZETA DIVISION,Bastion,8,0.0223
ZETA DIVISION,Brigitte,7,0.0195
ZETA DIVISION,Pharah,7,0.0195
ZETA DIVISION,Echo,7,0.0195
ZETA DIVISION,Widowmaker,7,0.0195
ZETA DIVISION,Genji,7,0.0195
ZETA DIVISION,Orisa,6,0.0167
ZETA DIVISION,Baptiste,6,0.0167
ZETA DIVISION,Venture,5,0.0139
ZETA DIVISION,Doomfist,5,0.0139
ZETA DIVISION,Mauga,5,0.0139
ZETA DIVISION,Sombra,4,0.0111
ZETA DIVISION,Sigma,3,0.0084
ZETA DIVISION,Reaper,3,0.0084
ZETA DIVISION,Ramattra,3,0.0084
ZETA DIVISION,Domina,2,0.0056
ZETA DIVISION,Sierra,2,0.0056
ZETA DIVISION,Hazard,1,0.0028
ZETA DIVISION,Wuyang,1,0.0028
ZETA DIVISION,Hanzo,1,0.0028
ZETA DIVISION,Zenyatta,1,0.0028
ZETA DIVISION,Lifeweaver,1,0.0028
ZETA DIVISION,Ashe,1,0.0028
